Timestamp,year,TOT_PREP(mm),Total rrad,Tatal PFD,Total Global Rad,Global Ref,Std Global Rad,Std Ref Rad,Max Wind_S,Time,AirTC_Max,Time,RH_Max,Time,min Wind_s,Time,AirTC_Min,Time,RH_Min,Tmin RH,MWind Seep,MWind deg.,Std m deg,Std Wind_S,0-45,45-90,90-135,135-180,180-225,225-270,270-315,315-360,Volt,Comentarios
1/1/2015,2015,0.2,3186,16561,619.2,68.43,208.4,23.24,5.395,1019,27.3,1411,89.1,612,0,2,21.53,610,62.44,1411,1.277,85.3,73.3,0.733,0.2,0.294,0.302,0.16,0.072,0.056,0.102,0.091,12.38,
2/1/2015,2015,0.3,2227.6,11892,435.6,48.3,132.4,15.84,6.513,2359,25.59,1547,88.1,708,0,2,19.84,2349,68.81,1506,1.099,183.5,76.7,0.68,0.107,0.143,0.184,0.163,0.177,0.15,0.116,0.06,12.39,
3/1/2015,2015,1.3,2503.7,13153,486.4,49.89,177.1,19.73,6.353,922,24.95,1252,87.7,1416,0,202,20.15,0,67.37,1217,1.394,162.2,81.5,0.751,0.129,0.168,0.262,0.291,0.211,0.147,0.116,0.069,12.39,
4/1/2015,2015,0.2,2493.2,12959,485.5,54.09,169.4,19.76,6.833,512,25.31,1315,85.9,525,0,3,20.4,531,58.75,1317,1.437,149.9,82.9,0.836,0.147,0.187,0.294,0.28,0.17,0.143,0.131,0.085,12.4,
5/1/2015,2015,3.8,2408.1,12830,470.2,50,145.8,16.4,6.034,1247,24.13,1429,90.2,1253,0,7,20.99,1257,69.63,1013,0.99,130.1,69.6,0.857,0.085,0.157,0.278,0.208,0.088,0.066,0.065,0.042,12.39,
6/1/2015,2015,2.1,3343.7,17464,645.8,65.85,205.7,22.31,6.353,36,26.53,1429,90.3,140,0,2,20.12,104,58.91,1430,1.378,142.2,71.9,0.851,0.124,0.173,0.368,0.296,0.143,0.102,0.105,0.068,12.38,
7/1/2015,2015,0.9,4338.3,22446,839,85.5,274.1,29.27,6.034,1204,26.83,1322,88.8,2211,0,0,20.21,351,53.34,1419,1.351,132.5,61.84,0.863,0.16,0.239,0.332,0.27,0.152,0.067,0.062,0.069,12.38,
8/1/2015,2015,0.7,3889.5,20338,759,77,247.5,26.67,4.915,2347,27.51,1545,86.7,1932,0,49,20.32,1928,54.43,1546,1.294,149.2,59.27,0.753,0.142,0.15,0.236,0.4,0.186,0.062,0.057,0.061,12.38,
9/1/2015,2015,3.8,2414.4,12877,467.1,45.3,152.2,16.25,6.833,1219,24.71,1609,91.9,1240,0,33,20.61,328,69.81,916,1.115,142.8,70.4,0.696,0.094,0.108,0.226,0.383,0.122,0.053,0.069,0.058,12.39,
10/1/2015,2015,10.8,2962.2,15542,581.9,64.01,196.6,21.96,5.075,1310,26.3,1412,95.9,2029,0,10,20.77,143,67.47,1412,0.93,216.7,71.3,0.69,0.182,0.152,0.104,0.084,0.129,0.117,0.098,0.066,12.39,
11/1/2015,2015,6.1,3027.5,15814,590.3,59.74,210.7,22.45,5.554,2318,25.59,1321,92,639,0,1,20.82,2318,65.26,1252,1.364,122.7,84.2,0.737,0.164,0.217,0.302,0.219,0.123,0.125,0.139,0.076,12.38,
12/1/2015,2015,2.2,2154.6,11583,428.9,46.17,133.8,15.35,7.15,1110,24.15,1314,92.1,650,0,2,20.7,2211,74.7,1116,1.491,93.2,84.3,0.935,0.221,0.36,0.315,0.152,0.109,0.119,0.142,0.072,12.39,
13/01/2015,2015,3,3045.1,16035,593.3,61.02,205.2,21.58,6.833,1128,25.47,1440,93.5,2315,0,1,20.43,455,64.85,1222,1.342,141.7,75.2,0.865,0.236,0.294,0.187,0.11,0.14,0.16,0.125,0.09,12.38,
14/01/2015,2015,4,2369.9,12640,472.6,45.44,180.3,18.87,5.554,28,26.14,1251,92.9,155,0,2,20.21,40,68.76,1325,0.889,236.6,77.3,0.649,0.091,0.118,0.084,0.072,0.128,0.178,0.172,0.047,12.39,
15/01/2015,2015,0.8,1947.9,10281,383.3,38.28,134.1,15.05,3.477,553,25.78,1359,91.9,348,0,2,20.94,542,71.4,1349,0.788,254.6,63.41,0.507,0.047,0.038,0.035,0.047,0.116,0.224,0.234,0.047,12.38,
16/01/2015,2015,0.2,4701.7,24195,920,93.7,285.6,29.55,5.235,1701,28.4,1410,87.8,222,0,4,21.06,522,53.67,1410,0.946,275.8,76.9,0.645,0.115,0.059,0.046,0.088,0.164,0.144,0.215,0.115,12.38,
17/01/2015,2015,5.4,3094,16362,585.9,52.35,196.8,18.21,6.194,307,26.95,1511,90.5,2232,0,0,20.49,2306,57.87,1516,1.206,218.8,46.9,0.903,0.057,0.038,0.031,0.306,0.442,0.138,0.132,0.062,12.38,
18/01/2015,2015,0.1,3254.4,17095,640.5,68.56,190.6,20.23,3.797,1221,25.47,1242,91.1,34,0,2,20.45,45,67.12,616,0.887,247.6,44.37,0.592,0.135,0.044,0.02,0.102,0.187,0.087,0.152,0.159,12.38,
19/01/2015,2015,0,3970.9,20956,753,67.8,253.3,24.14,6.513,1523,25.5,1056,83.6,242,0,22,20.88,2310,56.63,856,1.308,311.4,45.8,0.984,0.185,0.045,0.012,0.031,0.07,0.075,0.459,0.43,12.37,
20/01/2015,2015,0.7,3168.9,17069,606,52.86,188.5,18.39,3.317,5,25.04,1140,85.2,2326,0,11,20.5,556,60.9,1137,0.858,254.7,38.38,0.565,0.139,0.035,0.037,0.133,0.099,0.101,0.193,0.122,12.39,
21/01/2015,2015,0,5710.6,30156,1123,112.8,316.5,32.8,4.755,1450,28.23,1615,88.4,2228,0,0,20.4,652,50.82,1616,0.817,176.8,56.62,0.609,0.116,0.083,0.067,0.214,0.111,0.069,0.084,0.074,12.37,
22/01/2015,2015,4.8,2127,12171,430.9,42.8,162.6,16.92,5.395,1332,25.48,1308,100,1641,0,0,20.63,1803,70.9,1309,0.845,188.9,65.26,0.639,0.159,0.069,0.063,0.143,0.144,0.061,0.106,0.1,12.35,
23/01/2015,2015,4.8,2626,14958,546.4,55.27,177.7,18.98,2.998,516,27.85,1605,92.3,409,0,4,20.78,540,61.6,1607,0.686,237.7,60.6,0.488,0.095,0.044,0.037,0.065,0.185,0.107,0.097,0.057,12.39,
24/01/2015,2015,9,3735.3,19612,743,75.2,250.9,26.38,5.554,1645,28.65,1456,92,1242,0,0,20.99,550,58.02,1452,0.785,247.4,64.16,0.598,0.063,0.047,0.052,0.081,0.144,0.141,0.185,0.07,12.38,
25/01/2015,2015,0.3,4188.7,21761,800,74.4,268.7,26.11,5.075,1712,28.08,1339,88.5,659,0,1,20.83,356,52.63,1341,0.825,281.7,66.38,0.598,0.118,0.073,0.037,0.052,0.095,0.124,0.218,0.109,12.38,
26/01/2015,2015,0.8,2586.7,13916,510.4,49.91,184.2,18.82,4.116,551,26.35,1252,90.3,2214,0,11,20.42,704,59.25,1247,0.894,286.2,70.8,0.585,0.108,0.072,0.043,0.05,0.077,0.143,0.279,0.121,12.39,
27/01/15,2015,0.8,5535,28820,1078,103.4,327,32.1,7.31,1028,28.62,1244,89.3,38,0,0,21.11,41,55.49,1244,1.238,223.6,71.8,0.951,0.063,0.043,0.06,0.152,0.432,0.275,0.146,0.066,12.37,
28/01/15,2015,0,3748.4,19687,732,71.9,250.1,25.44,5.395,1400,28.09,1339,88.2,648,0,4,20.67,647,52.07,1329,0.877,255.2,72.9,0.66,0.092,0.055,0.048,0.092,0.171,0.147,0.178,0.093,12.39,
29/01/15,2015,8.4,3585.3,23694,898,89.7,252.6,25.62,3.956,854,28.17,1531,90.5,828,0,1,19.83,204,52.09,1453,0.875,182.8,56.85,0.603,0.112,0.096,0.097,0.216,0.126,0.074,0.09,0.065,12.37,
30/01/15,2015,5.8,2878.2,15522,573.8,57.9,185.1,19.3,4.436,440,25.55,1637,90.6,452,0,223,20.1,503,68.29,1639,0.945,162.4,55.1,0.564,0.06,0.055,0.117,0.436,0.132,0.038,0.062,0.045,12.38,
31/01/15,2015,0,3654.1,19294,710,69.33,256.9,26.64,4.755,1225,27.06,1348,85.5,804,0,1,20.93,353,59.15,1350,1.121,157.6,56.74,0.641,0.083,0.055,0.136,0.559,0.128,0.032,0.061,0.067,12.38,
1/2/2015,2015,1,358.65,9065.7,326.8,37.05,90.3,11.84,5.874,256,23.13,1152,90,343,0,39,20.45,1958,68.29,1113,1.118,178,60.01,0.601,0.048,0.067,0.146,0.359,0.285,0.109,0.068,0.037,12.39,
2/2/2015,2015,1.1,183.65,12360,447.9,46.92,138.7,15.15,6.673,723,24.11,1216,89.6,1636,0,16,20.65,557,68.11,1336,1.354,142.5,67.49,0.797,0.113,0.168,0.344,0.333,0.143,0.086,0.097,0.069,12.39,
3/2/2015,2015,1.7,2583.2,16299,600,58.65,206.9,20.4,4.436,32,25.8,1205,91.2,644,0,15,20.85,427,69.12,1206,0.874,131.3,62.3,0.669,0.14,0.153,0.159,0.136,0.092,0.064,0.07,0.06,12.38,
4/2/2015,2015,3.9,5674.3,29105,1102,109.7,333.1,33.35,4.116,1146,28.67,1322,91,2101,0,17,20.48,2356,56.09,1439,1.098,155.1,59.07,0.694,0.136,0.115,0.184,0.269,0.129,0.078,0.104,0.083,12.26,
5/2/2015,2015,0.4,4256,23298,884,89.5,285.9,29.17,5.395,1311,27.69,1343,90.4,420,0,2,20.4,147,49.6,1401,0.977,275.2,63.56,0.662,0.155,0.15,0.108,0.089,0.124,0.103,0.15,0.098,12.37,
6/2/2015,2015,0,4801,28020,1035,99.5,313.1,31.29,6.034,1437,29.38,1527,85.9,440,0,1,20.54,627,49.8,1529,1.036,241.1,68.31,0.815,0.15,0.109,0.045,0.147,0.271,0.115,0.116,0.084,12.36,
7/2/2015,2015,0,3243.9,25246,925,90.7,292.5,29.36,5.235,1206,27.22,1622,86,403,0,3,20.67,453,55.29,1612,1.049,133.4,57.09,0.714,0.213,0.078,0.093,0.257,0.109,0.047,0.095,0.159,12.38,
8/2/2015,2015,6.5,2840.7,15444,555.7,54.13,189.6,19.11,3.956,1412,25.62,1232,94,2359,0,3,20.51,2345,65.64,1236,0.933,164.4,66.68,0.605,0.116,0.092,0.112,0.259,0.114,0.069,0.1,0.072,12.3,
9/2/2015,2015,1.6,3335.4,18364,655.4,63.56,219.5,21.96,5.395,1601,26.42,1349,94.2,0,0,7,20.49,506,65.1,1350,0.979,290.3,71.6,0.641,0.144,0.072,0.045,0.051,0.086,0.154,0.304,0.124,12.38,
10/2/2015,2015,0.6,4491.2,23760,876,85.7,275.2,27.15,10.03,857,26.94,1654,90.4,228,0,4,21.03,401,56.07,1718,1.643,176.5,77.5,1.075,0.175,0.193,0.168,0.332,0.344,0.178,0.166,0.087,12.4,
11/2/2015,2015,0,5133,31192,1148,112.2,337.7,34.06,10.35,247,30.11,1408,75.5,2350,0,2,22.34,520,49.09,1408,1.788,195.2,67.02,1.182,0.117,0.14,0.138,0.321,0.604,0.254,0.137,0.078,12.38,
12/2/2015,2015,3.1,1790.1,9901.9,349.1,33.87,118.8,12.87,8.43,440,23.86,1357,100,503,0,2,19.19,631,71.5,1247,1.181,234.2,43.79,0.748,0.087,0.026,0.052,0.311,0.139,0.156,0.274,0.136,12.39,
13/02/15,2015,2,3174.4,17557,621.3,60.07,190.5,18.41,4.116,1403,25.32,1441,90.9,2309,0,30,20.68,152,73.2,1002,0.718,159.7,59.93,0.603,0.115,0.083,0.083,0.137,0.106,0.052,0.084,0.058,12.39,
14/02/15,2015,23.3,1943.8,10858,383.2,35.87,120,12.51,6.194,1600,24.21,1445,92.5,1552,0,0,20.61,1803,75.4,1440,0.916,253.2,73.7,0.65,0.116,0.059,0.035,0.077,0.241,0.138,0.171,0.078,12.39,
15/02/15,2015,6.4,2325.4,12898,464.9,46.74,132.3,13.57,4.116,2355,24.47,1619,100,1157,0,1,20.78,1201,70,1605,1.006,300.2,48.12,0.686,0.173,0.038,0.034,0.056,0.058,0.136,0.305,0.206,12.39,
16/02/15,2015,51.1,600.9,3620.4,118.1,3.632,33.77,3.265,7.63,545,22.14,27,100,154,0,841,-39.81,657,0.173,653,1.906,324.7,66.83,1.134,0.507,0.126,0.115,0.144,0.107,0.111,0.457,0.341,12.38,
24/04/15,2015,0,2620.3,31752,2122,204.9,439.8,41.51,7.63,1300,30.12,1249,66.8,2159,0,1014,23.45,2200,47.15,1225,1.818,193,60.82,1.351,0.058,0.077,0.077,0.337,0.907,0.245,0.069,0.049,12.42,
25/04/15,2015,0,922.25,42598,1598,152.8,394,37.04,8.59,1138,29.2,1413,81.8,445,0,0,21.55,513,47.65,1209,1.903,187.6,54.71,1.355,0.116,0.085,0.074,0.41,0.959,0.172,0.044,0.043,12.37,
26/04/15,2015,0,2665.9,38627,1456,144.1,382.5,37.18,9.07,1447,28.45,1623,81,457,0,7,22.18,458,55.16,1407,1.984,192.8,56.39,1.507,0.08,0.085,0.112,0.411,0.996,0.206,0.056,0.038,12.36,
27/04/15,2015,0,8157.5,37640,1384,131.8,389.8,37.13,10.67,1122,29.24,1411,80.2,2358,0,0,22.38,445,56.8,1309,1.832,195.5,57.16,1.448,0.133,0.079,0.094,0.389,0.786,0.22,0.071,0.06,12.36,
28/04/15,2015,0,8253.3,38826,2301,232,413.5,40.05,9.55,1725,29.44,1349,74.6,2024,0,1343,23.19,2358,53.39,1350,2.669,208,48.4,1.415,0.029,0.032,0.084,0.394,1.492,0.505,0.103,0.029,12.36,
29/04/15,2015,0,12049,42127,1621,167.5,400.6,39.93,10.67,608,28.39,1328,79,2315,0,0,22.66,456,55.59,1437,2.815,207.5,57.41,1.791,0.064,0.065,0.117,0.417,1.43,0.522,0.143,0.056,12.35,
30/04/15,2015,0,10857,38849,1479,150.6,379.2,37.24,12.11,1026,28.32,1207,80.8,2357,0,706,22.64,421,55.55,1131,2.741,197,56.61,1.552,0.055,0.067,0.147,0.596,1.381,0.369,0.091,0.035,12.35,
1/5/2015,2015,0,11343,40259,1529,155.2,387.2,38.34,10.35,1214,28.92,1641,84.8,505,0,106,21.87,2236,46.15,1339,1.605,224.6,76.1,1.245,0.123,0.082,0.114,0.274,0.426,0.254,0.196,0.136,12.35,
2/5/2015,2015,0,7928,27945,1078,112.2,314.5,31.79,7.95,1542,29.57,1525,86.2,344,0,0,21.58,339,50.47,1351,1.214,239.6,69.94,0.938,0.091,0.06,0.066,0.12,0.338,0.216,0.209,0.114,12.36,
3/5/2015,2015,0.9,6589.4,23581,905,95,268.5,28.04,6.353,1617,28.17,1432,87.1,2353,0,0,21.68,603,58.74,1503,0.857,267.2,68.77,0.791,0.085,0.058,0.046,0.091,0.16,0.136,0.182,0.099,12.35,
4/5/2015,2015,0,6496,26448,1021,106.7,295.7,30.72,7.63,1246,30.02,1535,88.3,535,0,6,22.14,10,52.81,1456,1.16,320.4,74,0.923,0.233,0.184,0.102,0.06,0.077,0.13,0.216,0.158,12.35,
5/5/2015,2015,0,8559.6,34037,1300,134.7,365.3,37.39,6.034,1016,28.81,1321,85.4,250,0,3,21.57,546,53.26,1151,1.225,343.4,65.24,0.915,0.3,0.211,0.115,0.086,0.09,0.1,0.165,0.158,12.26,
6/5/2015,2015,0,7493.1,26621,1016,104.5,301.3,30.93,6.513,1355,28.62,1258,82.6,238,0,0,21.33,323,51.63,1422,1.097,273.1,61.08,0.983,0.265,0.179,0.072,0.058,0.109,0.157,0.141,0.116,12.14,
7/5/2015,2015,0.4,11298,40087,1535,158.2,384.6,38.83,10.67,1409,29.47,1236,84.4,141,0,0,21.55,534,44.98,1604,1.379,286.3,70.8,1.077,0.154,0.076,0.066,0.09,0.133,0.211,0.399,0.249,12.39,
8/5/2015,2015,0,6488.5,28871,1109,115.4,320.5,32.75,5.874,1157,28.93,1245,84.2,156,0,0,21.64,455,47.27,1315,1.173,333.7,64.93,0.936,0.279,0.191,0.115,0.061,0.067,0.12,0.191,0.149,12.38,
9/5/2015,2015,0,4161.7,24784,933,97.1,272.7,28.14,6.513,1344,27.77,1401,78.7,212,0,0,21.71,214,48.47,1402,1.263,6.348,70.8,0.956,0.285,0.249,0.139,0.084,0.09,0.121,0.164,0.13,12.38,
10/5/2015,2015,1,6750.4,24460,911,95.5,244.2,25.72,6.993,1141,27.59,1459,88.4,2045,0,1,22.19,540,55.42,1459,1.597,54.69,78.2,0.963,0.352,0.356,0.263,0.131,0.08,0.077,0.168,0.17,12.37,
11/5/2015,2015,1.7,7165.7,25797,972,101.6,275.8,28.64,6.993,1054,27.54,1302,87.4,411,0,8,21.56,417,51.44,1452,1.436,82.5,78,0.978,0.256,0.311,0.256,0.162,0.098,0.093,0.142,0.119,12.37,
12/5/2015,2015,0,5686.8,20126,1235,131.7,280.3,29.83,6.513,1148,27.59,1455,88.4,858,0,856,22.26,2359,56.03,1456,1.566,33.17,76.1,1.044,0.393,0.324,0.216,0.094,0.072,0.1,0.167,0.199,12.16,
13/05/15,2015,0,10347,37467,1437,149.2,377.9,38.62,6.993,1328,28.96,1516,83,640,0,0,22,46,47.85,1517,1.29,29.14,65.63,1.051,0.357,0.248,0.141,0.085,0.079,0.106,0.132,0.142,12.4,
14/05/15,2015,0,3916.2,30555,1141,117.9,336.7,34.71,5.554,1133,28.98,1410,83.9,517,0,2,21.57,523,53.8,1410,1.186,103.5,70,0.783,0.218,0.194,0.196,0.192,0.092,0.077,0.104,0.113,12.38,
15/05/15,2015,3.2,2190.2,36181,1369,138.6,364.8,36.5,6.034,1420,29.58,1416,88.6,400,0,48,21.11,412,46.95,1418,1.123,111.2,57.54,0.851,0.23,0.162,0.174,0.229,0.092,0.044,0.088,0.104,12.37,
16/05/15,2015,4.6,690.83,18358,683.4,68.16,198.3,20.08,3.956,1604,26.75,1411,91.3,832,0,1,20.67,803,60.61,1411,0.928,143.5,54.08,0.661,0.15,0.084,0.119,0.273,0.1,0.042,0.072,0.088,12.37,
17/05/15,2015,3.7,412.81,20969,783,80.7,231.8,23.82,6.034,1111,28.46,1432,88,2022,0,0,21.57,2034,56.27,1437,0.952,133.1,60.27,0.761,0.132,0.119,0.166,0.227,0.096,0.049,0.083,0.081,12.37,
18/05/15,2015,0.1,454.39,27088,1017,102.6,299.2,30.19,5.395,1452,28.99,1203,86.9,11,0,208,21.61,545,51.72,1223,1.103,144.7,50.93,0.777,0.172,0.082,0.115,0.371,0.097,0.035,0.095,0.136,12.37,
19/05/15,2015,1.1,926.39,36554,1367,135.3,370.5,37.04,6.353,1325,29.16,1429,88.8,2308,0,2,21.33,341,43.59,1322,0.976,96.2,55.17,0.866,0.228,0.099,0.103,0.135,0.086,0.043,0.102,0.18,12.36,
20/05/15,2015,0,258.28,12143,447.9,46.19,135.6,14.15,4.436,1038,27.28,1247,88.3,3,0,1,21.93,253,64.47,1248,0.733,134.2,52.5,0.622,0.103,0.086,0.123,0.207,0.075,0.025,0.051,0.063,12.37,
21/05/15,2015,0.8,968.78,17771,688,70.9,205.8,21.69,5.874,1254,29.02,1459,88.6,522,0,6,22.63,241,57.4,1509,0.761,302.2,61.99,0.702,0.123,0.093,0.054,0.037,0.053,0.093,0.199,0.11,12.37,
22/05/15,2015,0,163.32,21788,853,90.5,234.4,25.15,6.194,1102,28.98,1642,88.3,414,0,0,23,348,59.07,1646,0.853,299.6,60.3,0.844,0.157,0.113,0.052,0.035,0.053,0.125,0.208,0.11,12.36,
23/05/15,2015,0,1929.3,28599,1119,119.5,313.1,33.15,7.15,1430,29.59,1515,85.7,130,0,0,22.97,603,50.99,1412,1.193,45.2,68.62,0.934,0.288,0.248,0.188,0.095,0.049,0.067,0.119,0.139,12.36,
24/05/15,2015,0,108.79,31938,1231,127.2,343.5,35.67,5.554,1212,29.18,1347,84.8,143,0,2,21.95,528,51.93,1111,1.147,41.58,74.5,0.835,0.246,0.195,0.161,0.099,0.089,0.085,0.132,0.14,12.36,
25/05/15,2015,0.9,1005.4,29242,1123,116.9,345.2,36.36,4.915,852,29.59,1336,85.9,542,0,12,21.77,542,50.8,1336,1.258,132.9,63.54,0.788,0.194,0.167,0.224,0.3,0.117,0.062,0.089,0.106,12.36,
26/05/15,2015,0.7,1405,32202,1250,129.4,371.1,38.63,6.353,1151,28.54,1240,85.5,340,0,33,21.19,447,50.82,1252,1.305,157.8,46.42,0.956,0.217,0.057,0.125,0.385,0.094,0.037,0.137,0.253,12.35,
27/05/15,2015,0,157.69,26101,999,101.4,272.8,28.39,6.034,1035,27.72,1557,79.4,0,0,0,21.82,319,52.87,1557,1.109,154,50.4,0.807,0.172,0.041,0.1,0.408,0.069,0.03,0.112,0.176,12.36,
28/05/15,2015,0.9,1035.9,37693,1428,146.4,388.5,39.77,7.79,1132,31.52,1520,88.1,455,0,1,21.13,458,43.69,1515,1.002,236.5,69.23,0.946,0.107,0.056,0.051,0.134,0.275,0.169,0.117,0.094,12.36,
29/05/15,2015,8.4,174.39,15449,564.2,57.57,191,19.74,4.755,1700,27.56,1319,89,1229,0,1,21.13,1806,65.04,914,0.764,286.9,64.58,0.681,0.125,0.071,0.04,0.071,0.136,0.09,0.132,0.1,12.36,
30/05/15,2015,11.7,717.54,25837,962,94.9,259.1,25.81,7.63,2051,30.43,1216,92.8,2100,0,8,21.8,531,54,1426,0.909,322.3,68.23,0.747,0.17,0.103,0.071,0.108,0.08,0.098,0.168,0.112,12.37,
31/05/15,2015,3.8,421.74,21976,841,86.2,251.2,25.82,5.874,1301,29.2,1234,95.2,542,0,13,22.49,211,60.9,1234,0.846,296.4,68.08,0.76,0.111,0.084,0.071,0.069,0.076,0.127,0.217,0.09,12.32,
1/6/2015,2015,0.6,57.741,24862,963,101.3,291.4,30.31,6.034,919,29.51,1236,90.5,156,0,0,22.75,501,56.09,1252,0.96,338.2,62.8,0.856,0.242,0.14,0.065,0.038,0.04,0.08,0.208,0.147,12.37,
2/6/2015,2015,2.1,64.516,18716,747,77.8,233.8,24.13,5.714,1452,28.52,1149,91.8,522,0,0,22.35,247,62.51,1151,0.816,270.4,61.59,0.743,0.082,0.046,0.032,0.055,0.151,0.169,0.202,0.079,12.38,
3/6/2015,2015,0.8,181.13,18299,744,79.7,223.3,23.67,4.915,1055,27.82,1126,89.3,618,0,0,22.54,204,61.05,1056,0.812,12.24,59.74,0.715,0.159,0.126,0.096,0.09,0.078,0.069,0.103,0.091,12.37,
4/6/2015,2015,0,522.68,33044,1327,141.5,348.2,36.88,7.15,1358,30.03,1316,85.3,111,0,0,22.8,544,55.65,1316,1.077,255.7,62.15,0.948,0.101,0.049,0.044,0.093,0.295,0.221,0.16,0.113,12.37,
5/6/2015,2015,1,664.14,29106,1173,125.2,336.5,35.66,6.194,1319,30.65,1347,90.3,2317,0,0,22.64,456,51.36,1208,0.922,281.8,65.11,0.816,0.091,0.044,0.039,0.08,0.153,0.158,0.227,0.129,12.37,
6/6/2015,2015,0,225.16,25893,1068,119.6,288.3,32.11,8.11,1140,28.94,1231,90.2,3,0,0,22.38,302,59.23,1227,1.182,277.3,74.3,0.945,0.111,0.073,0.072,0.124,0.182,0.18,0.291,0.15,12.38,
7/6/2015,2015,0.1,60.652,21335,872,99.4,254.4,29.01,6.353,1312,29.85,1419,89.3,352,0,0,22.96,2241,59.2,1420,1.024,291.4,71,0.799,0.118,0.056,0.051,0.075,0.107,0.151,0.301,0.165,12.37,
8/6/2015,2015,0,155.41,23340,947,107.3,274.3,30.9,5.395,1034,29.59,1607,85.4,2238,0,0,22.69,129,57.56,1607,0.819,323.7,53.75,0.834,0.214,0.114,0.039,0.022,0.044,0.084,0.17,0.132,12.37,
9/6/2015,2015,0.1,660.98,29080,1184,132.7,323,35.92,5.235,1234,29.99,1312,86.4,51,0,1,22.73,137,50.07,1331,0.888,5.866,61.61,0.794,0.202,0.129,0.115,0.094,0.074,0.065,0.112,0.097,12.37,
10/6/2015,2015,7.4,3560,26327,1063,122.3,288.1,32.44,5.395,1535,28.64,1020,90.3,1954,0,4,22.13,2310,52.81,1021,0.839,218.1,65.13,0.771,0.161,0.112,0.093,0.109,0.105,0.074,0.099,0.086,12.38,
11/6/2015,2015,5,354.27,29531,1205,136.1,322,36.42,5.874,1316,30.22,1217,90,739,0,0,21.71,434,50.65,1218,1.043,14.63,67.28,0.942,0.268,0.22,0.101,0.061,0.072,0.085,0.114,0.12,12.38,
12/6/2015,2015,0.3,116.67,23159,944,108.2,266.2,30.59,5.714,1156,29.14,1239,88.5,549,0,4,22.33,413,60.04,1239,0.883,356.8,65.21,0.849,0.177,0.184,0.107,0.052,0.063,0.093,0.114,0.094,12.38,
13/06/15,2015,1.5,4331,26964,1144,135.8,317.5,37.11,7.79,219,30.78,1341,90.8,419,0,0,22.7,531,48.11,1342,1.156,2.948,73.9,0.95,0.271,0.224,0.117,0.07,0.062,0.113,0.179,0.12,12.38,
14/06/15,2015,0.5,1080.2,22754,966,115.1,273.7,32.47,6.993,1353,29.6,1553,88.5,2146,0,0,22.42,2304,56.88,1548,1.164,32.54,66.96,1.024,0.36,0.252,0.125,0.068,0.07,0.074,0.099,0.116,12.37,
15/06/15,2015,0.5,1825.3,29927,1277,149.4,339.9,39.67,5.554,1222,29.71,1415,89.1,2217,0,0,22.42,134,56.97,1416,1.029,264.5,56.61,0.849,0.21,0.163,0.109,0.09,0.107,0.103,0.138,0.11,12.37,
16/06/15,2015,0.3,2059.9,24607,1045,118.9,286.4,32.09,5.554,1054,29.46,1304,87.8,39,0,2,22.34,202,49.22,1253,1.026,96.6,64.39,0.779,0.178,0.168,0.19,0.122,0.081,0.076,0.114,0.097,12.38,
17/06/15,2015,2.4,2521.8,9072.2,364.9,38.99,107.2,11.86,4.596,952,26.22,1102,89.4,1934,0,1,23.4,115,77.8,1102,0.79,53.92,69.13,0.728,0.165,0.185,0.127,0.065,0.047,0.064,0.079,0.059,12.4,
18/06/15,2015,0.2,6118.8,23046,1002,115.1,269,30.81,4.915,102,29.35,1148,90.1,342,0,0,23.46,2358,59.53,1147,0.926,21.05,69.88,0.826,0.215,0.188,0.12,0.063,0.057,0.08,0.108,0.096,12.38,
19/06/15,2015,0,638.11,23573,1026,120.9,288.2,33.54,6.833,1422,29.66,1440,88.7,322,0,0,23.04,537,56.49,1440,0.875,314.3,52.48,0.951,0.259,0.143,0.043,0.03,0.06,0.098,0.133,0.109,12.38,
20/06/15,2015,0,252.35,26826,1159,132.7,308.8,35.08,6.034,1552,29.73,1232,86.1,435,0,1,22.64,433,54.07,1233,0.962,2.519,55.08,0.857,0.234,0.167,0.112,0.081,0.056,0.082,0.13,0.1,12.38,
21/06/15,2015,3,755.45,30073,1288,147.1,359.4,40.63,6.194,1202,29.28,1215,90.3,539,0,0,21.64,501,49.08,1243,1.11,8.67,65.24,0.901,0.266,0.203,0.121,0.072,0.077,0.095,0.143,0.134,12.38,
22/06/15,2015,5.6,1024.3,18047,750,85.6,259.2,28.57,7.15,1339,28.45,1042,91.1,345,0,6,21.06,1436,61.27,1122,1.227,337.1,74.6,0.979,0.221,0.203,0.14,0.082,0.086,0.134,0.23,0.131,12.38,
23/06/15,2015,1.1,6337.1,21691,935,104.5,289.2,32.47,7.15,1220,28.79,1358,89.7,10,0,4,22.63,110,54.06,1252,1.348,62.06,69.6,1.023,0.308,0.327,0.216,0.114,0.065,0.068,0.125,0.124,12.38,
24/06/15,2015,0.6,7519.4,24813,1111,127.8,294,33.63,7.63,1131,30.17,1539,89.2,604,0,0,22.91,356,54.02,1535,0.971,11.72,72.7,0.945,0.167,0.191,0.129,0.076,0.071,0.109,0.138,0.089,12.38,
25/06/15,2015,0.1,6810.4,22798,993,112.4,279.5,31.06,6.673,1052,28.96,1222,83.7,2341,0,1,22.66,2325,50.91,1115,1.096,51.58,71.6,0.934,0.221,0.236,0.193,0.094,0.055,0.065,0.113,0.118,12.38,
26/06/15,2015,5.2,6882.8,22860,1004,116.1,290.4,33.46,6.993,1237,28.72,1535,91.3,759,0,0,21.45,559,59.94,1453,1.096,5.718,69.05,1.018,0.288,0.216,0.109,0.057,0.062,0.1,0.154,0.111,12.38,
27/06/15,2015,0.2,7981.6,26837,1175,132.3,331.6,36.86,7.47,1320,29.21,1313,89.3,432,0,0,23.18,437,53.16,1339,1.352,33.29,71.9,1.096,0.394,0.3,0.158,0.083,0.047,0.072,0.14,0.157,12.38,
28/06/15,2015,2.5,5956.9,19733,883,102.4,247.6,28.23,5.874,107,29.01,1423,94.3,213,0,2,23.09,125,61.83,1423,1.044,354.9,76.6,0.819,0.195,0.183,0.112,0.074,0.078,0.125,0.186,0.09,12.39,
29/06/15,2015,0,6457.8,21366,928,104.9,267.1,29.86,5.395,1207,29.13,1342,85.5,28,0,14,22.66,547,57.9,1343,1.107,274,74.3,0.829,0.18,0.163,0.133,0.083,0.115,0.161,0.162,0.11,12.38,
30/06/15,2015,9.8,3205.5,11307,483.5,54.98,135.6,14.8,7.31,1035,26.45,1758,91.1,2359,0,6,22.06,1128,71.6,724,0.934,239.5,76.1,0.765,0.108,0.154,0.139,0.088,0.092,0.133,0.149,0.071,12.4,
1/7/2015,2015,3.7,3979,13248,587,68.6,171.2,19.75,6.034,446,28.53,1604,92.9,21,0,14,22.37,238,58.82,1604,1.272,50.02,77,0.881,0.258,0.28,0.219,0.098,0.065,0.098,0.151,0.103,12.39,
2/7/2015,2015,0,8385.5,27431,1219,136,339.6,37.52,6.353,1507,28.87,1120,84.9,418,0,1,22.34,447,57.33,1443,1.414,34.46,64.21,1.084,0.374,0.254,0.191,0.105,0.074,0.086,0.141,0.19,12.38,
3/7/2015,2015,2.8,6450.2,21741,948,102.7,275.6,29.43,6.194,1202,28.61,1149,90.2,648,0,0,22.71,604,53.61,1150,1.359,68.82,79.4,0.912,0.258,0.269,0.254,0.14,0.085,0.084,0.141,0.127,12.38,
4/7/2015,2015,0,7269.2,23769,1061,119.4,321.4,35.52,7.95,1419,28.86,1251,85.6,547,0,1,22.96,544,53.13,1251,1.49,61.02,80.2,0.966,0.295,0.308,0.256,0.158,0.093,0.091,0.143,0.147,12.38,
5/7/2015,2015,0.1,7243.6,24061,1060,116.6,307.5,33.58,5.395,811,29.15,1308,87.8,356,0,11,22.63,443,53.64,1008,1.215,49.7,72.9,0.813,0.185,0.191,0.196,0.122,0.11,0.119,0.155,0.137,12.38,
6/7/2015,2015,1.6,6761.9,22833,1019,114.2,280.1,31.4,6.353,1154,29.28,1434,89.2,415,0,0,22.36,220,58.85,1435,1.18,81.5,64.38,0.861,0.209,0.268,0.277,0.151,0.059,0.048,0.073,0.094,12.37,
7/7/2015,2015,0.1,7622.3,26713,1155,127.3,330.5,36.44,5.075,1136,29.8,1339,86.2,533,0,0,22.61,303,56.43,1340,1.042,345.1,70.2,0.81,0.228,0.176,0.112,0.083,0.079,0.108,0.14,0.118,12.38,
8/7/2015,2015,0,5892.6,20824,884,98.1,260,28.64,5.554,1113,28.78,1138,84.8,308,0,2,23.26,320,58.75,1045,1.1,90.2,75.1,0.77,0.174,0.186,0.186,0.133,0.092,0.093,0.135,0.102,12.38,
9/7/2015,2015,3.3,2217.6,21011,961,102.3,278.5,29.11,4.915,848,28.68,1423,90,321,0,1,21.99,448,58.24,1423,1.145,112.1,73.8,0.811,0.148,0.177,0.289,0.187,0.084,0.072,0.108,0.079,12.38,
10/7/2015,2015,0,2656.1,27907,1260,128.9,364.7,36.32,5.395,1235,29.82,1224,85.1,254,0,2,22.38,302,45.84,1309,0.995,19.17,58.46,0.893,0.246,0.172,0.1,0.092,0.088,0.072,0.108,0.117,12.37,
11/7/2015,2015,3.4,2909.2,17366,776,79.7,209.4,21.51,5.075,1349,29.28,1339,89.9,612,0,0,21.28,218,56.25,1340,0.738,296.4,62.28,0.716,0.133,0.099,0.053,0.038,0.063,0.109,0.154,0.088,12.38,
12/7/2015,2015,3.1,282,7099.1,298.9,30.21,88.3,9.23,4.436,1414,25.9,1212,89.9,101,0,0,22.63,445,74.3,1221,0.786,195.6,61.59,0.704,0.081,0.092,0.144,0.129,0.069,0.08,0.136,0.055,12.4,
13/07/15,2015,0.1,7895.9,26882,1282,129.1,333.7,32.94,5.554,1217,29.77,1333,89.4,242,0,2,22.35,540,48.41,1333,0.98,279.4,65.36,0.788,0.195,0.115,0.066,0.053,0.1,0.163,0.175,0.112,12.37,
14/07/15,2015,0.4,6778.2,23104,1078,108.9,334.1,34.1,6.993,1226,29.75,1507,89.3,1911,0,1,22.75,14,57.62,1507,1.383,44.04,71.4,1.023,0.39,0.314,0.187,0.087,0.057,0.072,0.115,0.162,12.37,
15/07/15,2015,0,3517.4,27096,1265,127.8,374.1,37.04,6.833,1134,29.8,1333,86.3,552,0,0,22.2,548,50.13,1208,1.266,14.54,78.6,0.872,0.29,0.218,0.142,0.103,0.097,0.117,0.149,0.15,12.38,
16/07/15,2015,0,4437.6,22117,1028,106.7,305.8,31.5,8.11,1249,29.14,1321,85.3,335,0,9,22.93,337,58.67,1200,1.53,52.88,75.3,1.009,0.359,0.389,0.237,0.108,0.065,0.072,0.14,0.16,12.38,
17/07/15,2015,0,5014.9,30246,1448,149,382.3,38.28,5.554,1220,30.5,1507,83.8,426,0,0,23.2,141,42.21,1525,1.196,34.89,73.5,0.84,0.303,0.243,0.143,0.092,0.06,0.06,0.137,0.158,12.38,
18/07/15,2015,0,1997.6,22923,1058,108.4,293.7,29.57,5.874,1212,29.05,1441,84.6,422,0,4,22.97,416,52.36,1551,1.194,116.9,57.04,0.771,0.188,0.142,0.232,0.295,0.067,0.036,0.101,0.133,12.38,
19/07/15,2015,1.8,5926.1,27889,1296,131.3,350.3,34.8,6.034,1336,29.93,1451,87,204,0,6,21.56,227,43.12,1216,1.208,137.8,61.93,0.808,0.255,0.178,0.13,0.218,0.149,0.062,0.102,0.115,12.37,
20/07/15,2015,1.1,4366.3,16837,785,81.5,225.7,23.58,6.034,1206,29.66,1645,88.2,2312,0,0,22.09,513,56.84,1647,0.907,207.1,72.8,0.718,0.152,0.159,0.124,0.084,0.09,0.105,0.116,0.077,12.38,
21/07/15,2015,5.8,6628.7,24946,1177,120.4,333.3,33.42,6.353,1524,30.26,1402,91.9,703,0,4,22.82,431,53.2,1358,1.173,22.49,69.8,0.968,0.334,0.214,0.125,0.088,0.066,0.086,0.14,0.122,12.39,
22/07/15,2015,2.7,7392.9,27466,1317,130.4,360.8,35.03,7.63,1219,31.56,1410,90.2,722,0,0,22.45,458,49.89,1442,0.931,274.1,69.38,0.837,0.098,0.055,0.046,0.089,0.16,0.158,0.224,0.102,12.38,
23/07/15,2015,0.1,6944.7,26413,1250,125,358.9,35.39,5.874,1610,30.85,1515,89.2,30,0,0,23.64,109,51.06,1515,1.144,340.1,64.01,0.903,0.309,0.187,0.065,0.044,0.05,0.102,0.226,0.161,12.38,
24/07/15,2015,0,3723.2,28114,1338,130.2,379.7,37.17,6.194,1243,30.73,1405,87.7,634,0,1,23.23,539,44.66,1406,1.034,348.9,62.13,0.98,0.28,0.187,0.093,0.067,0.075,0.084,0.124,0.125,12.37,
25/07/15,2015,0,7227.7,24659,1166,113.7,356.5,34.58,5.874,956,30.67,1501,87.2,407,0,5,22.73,447,51.38,1217,1.031,323.3,63.71,0.949,0.291,0.17,0.073,0.048,0.077,0.107,0.142,0.124,12.38,
26/07/15,2015,0.3,7349.1,24441,1206,126.1,328.4,33.6,6.513,1213,30.45,1520,89,540,0,1,22.98,2355,48.59,1613,1.108,319.5,67.28,0.941,0.272,0.189,0.09,0.065,0.082,0.126,0.162,0.123,12.38,
27/07/15,2015,0.1,7219.1,24394,1162,118.5,330.7,32.85,5.714,1042,30.44,1218,84.9,226,0,7,22.51,447,47.33,1219,1.313,104.7,72,0.854,0.214,0.249,0.222,0.124,0.129,0.115,0.14,0.12,12.38,
28/07/15,2015,0,7611.6,25947,1240,127.4,318.2,32.32,6.833,1223,30.13,1519,86.8,628,0,0,23.24,120,48.47,1520,1.351,66.19,60.6,1.019,0.388,0.286,0.236,0.132,0.047,0.036,0.08,0.145,12.38,
29/07/15,2015,0,7663.6,26282,1243,124.6,359.4,35.34,6.673,1241,31.21,1210,83.5,154,0,0,22.78,601,48.97,1325,1.246,62.34,70.1,0.858,0.253,0.219,0.215,0.124,0.087,0.096,0.123,0.13,12.38,
30/07/15,2015,1.7,7570.8,25799,1231,125.9,360.1,36.35,6.513,1320,30.31,1528,89.1,2043,0,10,22.78,247,47.52,1329,1.259,45.7,68.51,1.02,0.317,0.26,0.161,0.086,0.092,0.088,0.124,0.132,12.38,
31/07/15,2015,0.4,5331.5,18287,860,88.2,267.7,27.03,6.194,815,29.26,1203,86.7,826,0,4,23.44,4,58.63,1146,1.304,61.46,75.4,0.881,0.271,0.302,0.249,0.115,0.058,0.06,0.112,0.136,12.39,
1/8/2015,2015,0,7090.4,23897,1148,117.1,327.3,33.1,5.075,1353,30.98,1458,84,507,0,3,22.84,502,51.82,1431,0.979,230.5,69.96,0.745,0.163,0.124,0.1,0.117,0.111,0.133,0.136,0.097,12.38,
2/8/2015,2015,0.9,6187.1,21056,1020,104.8,310,31.5,6.513,1404,29.69,1249,86.3,2200,0,2,22.7,220,52.52,1249,1.102,149.8,57.93,0.787,0.156,0.107,0.164,0.318,0.096,0.066,0.11,0.084,12.39,
3/8/2015,2015,3,8375.9,28253,1358,135.6,380.3,37.06,7.31,1126,30.41,1434,91.8,326,0,0,22.69,547,47.86,1342,1.286,350.6,77.1,1.055,0.279,0.259,0.137,0.083,0.093,0.131,0.185,0.118,12.38,
4/8/2015,2015,0.2,4778.8,16450,773,76.9,236.4,23.6,4.915,1551,28.46,1018,87.2,245,0,0,23.03,517,60.04,1028,0.959,233.4,71.9,0.728,0.17,0.152,0.118,0.098,0.101,0.11,0.115,0.095,12.39,
5/8/2015,2015,0,9158.1,31304,1518,151,394.6,38.27,6.194,917,31,1257,82.9,534,0,3,23.31,610,40.36,1538,1.343,80.7,62.52,0.859,0.266,0.258,0.305,0.185,0.055,0.049,0.104,0.122,12.38,
6/8/2015,2015,6.6,6557.9,22397,1067,105.9,332.5,33.18,5.554,2114,30.78,1400,90.3,2354,0,10,21.69,2253,47.54,1402,1.098,157.1,69.56,0.821,0.177,0.146,0.17,0.194,0.126,0.093,0.093,0.098,12.37,
7/8/2015,2015,1.5,6341.3,24606,1176,116.6,347.8,34.28,6.034,1442,30.4,1519,90.2,4,0,2,21.94,353,49.48,1520,0.934,340.5,65,0.828,0.208,0.156,0.105,0.068,0.068,0.085,0.14,0.104,12.38,
8/8/2015,2015,2.5,1379,14113,669.2,65.07,209.8,20.44,5.714,1041,28.4,1731,93.2,544,0,1,22.74,635,65.56,1747,0.848,274.1,63.49,0.67,0.07,0.046,0.038,0.038,0.09,0.187,0.289,0.09,12.38,
9/8/2015,2015,0.2,2618.4,28201,1376,138,382.1,37.52,5.714,1152,30.77,1644,87.5,212,0,0,23.17,2322,46.79,1455,1.033,311.3,59.97,0.906,0.261,0.178,0.087,0.047,0.088,0.126,0.121,0.125,12.37,
10/8/2015,2015,0,75.401,23096,1133,113.9,331.7,32.87,6.194,1355,31.05,1634,84.2,247,0,2,22.91,315,47.93,1600,1.042,3.018,50.04,0.858,0.428,0.126,0.059,0.049,0.079,0.042,0.09,0.17,12.38,
11/8/2015,2015,4.1,80.312,27188,1321,135.3,363.7,36.35,6.993,1328,29.88,1254,90.1,2018,0,0,22.38,2010,48.63,1255,1.328,38.53,44.8,0.966,0.499,0.381,0.131,0.065,0.021,0.012,0.052,0.167,12.38,
12/8/2015,2015,0,636.16,29455,1433,142.8,378,37.11,5.874,1031,30.95,1619,89,117,0,0,22.66,59,42.34,1420,1.259,79.9,56.63,0.892,0.287,0.224,0.224,0.161,0.075,0.073,0.087,0.128,12.38,
13/08/15,2015,0,1401.2,25253,1218,120.6,356,35.27,6.034,1232,29.83,1718,84.6,235,0,16,22.92,618,47.09,1258,1.127,13.5,50.62,0.951,0.286,0.207,0.154,0.063,0.101,0.063,0.118,0.137,12.37,
14/08/15,2015,0.1,249.09,25855,1235,124.4,358.5,35.66,6.194,1347,30.64,1408,83.4,130,0,0,22.92,548,45.97,1244,1.238,71.2,52.18,0.953,0.302,0.252,0.205,0.126,0.082,0.047,0.083,0.143,12.38,
15/08/15,2015,7.3,534.52,15431,735,76.1,255.8,25.98,8.75,1425,28.78,1223,91.8,841,0,1,23.24,401,66,1350,1.004,222.5,47.46,0.814,0.062,0.04,0.098,0.225,0.192,0.139,0.183,0.064,12.39,
16/08/15,2015,8.4,1088.8,14406,661.9,64.29,268.1,25.93,5.554,1101,29.77,1148,91.2,1501,0,0,21.79,1612,58.53,1148,0.922,270.8,51.14,0.69,0.069,0.021,0.018,0.078,0.145,0.176,0.296,0.119,12.39,
17/08/15,2015,1.6,4241,24029,1205,119,357.6,35.15,6.673,1042,29.79,1345,90.7,446,0,8,22.63,436,48.43,1206,1.134,8.91,60.24,0.902,0.265,0.231,0.146,0.092,0.057,0.093,0.141,0.109,12.38,
18/08/15,2015,0.2,1256,28476,1436,142.7,380.9,37.76,6.673,1446,30.47,1341,90.7,48,0,0,22.85,619,44.9,1321,1.148,49.12,64.12,0.933,0.25,0.227,0.199,0.092,0.066,0.099,0.102,0.114,12.37,
19/08/15,2015,0.1,111.33,25582,1246,122.8,353.6,34.73,5.075,1141,30.11,1125,86.5,0,0,0,22.77,430,51.7,1125,1.09,329.6,64.75,0.775,0.216,0.159,0.146,0.105,0.104,0.109,0.132,0.118,12.38,
20/08/15,2015,1.2,70.996,16241,798,83,218.5,22.68,4.276,1332,28.99,1250,90.3,2322,0,9,22.75,529,61.86,1250,0.881,215.9,62.96,0.65,0.137,0.088,0.122,0.105,0.137,0.078,0.113,0.101,12.39,
21/08/15,2015,22.9,3264.1,14047,716,73.2,248.8,23.87,16.9,1151,30.33,1507,93.5,1231,0,0,19.11,1205,61.99,1500,0.961,222.5,54.41,1.215,0.059,0.056,0.054,0.228,0.287,0.108,0.122,0.047,12.4,
22/08/15,2015,0,6616.7,20033,1106,108.4,310.6,30.25,5.395,1258,30.76,1540,88.5,3,0,0,23.36,2357,53.68,1422,0.734,299.3,42.02,0.652,0.091,0.022,0.011,0.012,0.032,0.124,0.294,0.147,12.37,
23/08/15,2015,0.9,5531.2,18451,976,98.3,276.9,27.89,5.235,1335,29.33,1415,87.2,1102,0,4,22.73,538,57.67,1416,0.942,321.6,55.78,0.761,0.179,0.133,0.138,0.109,0.063,0.077,0.148,0.096,12.39,
24/08/15,2015,1.1,5755.5,20446,1067,104.4,327.4,31.82,4.915,1052,29.92,1322,89.2,2345,0,0,23.32,626,57.73,1102,1.072,144.2,70.5,0.759,0.195,0.145,0.17,0.131,0.116,0.088,0.114,0.112,12.39,
25/08/15,2015,6.7,1243.3,4160,210.1,18.99,70.1,7,6.993,505,26.96,1535,100,1033,0,12,21.85,631,80.1,1534,1.061,289.6,66.02,0.804,0.145,0.127,0.119,0.078,0.066,0.159,0.295,0.072,12.4,
26/08/15,2015,0.1,5228.9,15913,857,86.2,281.2,27.84,4.755,2047,30.23,1138,89.1,522,0,7,24.29,424,56.59,1213,1.114,218.9,69.36,0.701,0.152,0.131,0.166,0.134,0.12,0.137,0.164,0.108,12.39,
27/08/15,2015,12.9,2103,6725.1,353,35.03,99,9.98,8.59,2255,26.71,1412,100,551,0,11,22.7,2316,26.74,642,1.52,248,81.2,1.032,0.239,0.162,0.14,0.138,0.211,0.218,0.283,0.129,12.38,
28/08/15,2015,15.6,1935.5,6124.6,325,32.33,85.9,8.58,8.59,143,26.68,1444,100,322,0,541,20.12,921,77.9,804,1.569,294.9,77,1.132,0.206,0.181,0.134,0.093,0.121,0.27,0.473,0.091,12.39,
29/08/15,2015,0.1,6291.7,19265,1047,104.7,325,32.7,7.31,1102,30.38,1456,89.5,525,0,5,23.64,540,57.29,1158,1.134,353,74.5,0.861,0.263,0.201,0.131,0.072,0.073,0.118,0.147,0.128,12.38,
30/08/15,2015,3,3306.5,10381,556.8,53.84,175,17.68,5.235,1142,29.01,1322,93.6,750,0,0,23.48,652,68.46,1322,0.908,321,67.78,0.782,0.159,0.161,0.119,0.071,0.056,0.107,0.159,0.077,12.39,
31/08/15,2015,0,6161.3,18701,1022,104.6,320.9,32.22,4.755,1234,30.49,1305,89.6,423,0,1,24.01,420,58.23,1305,1.002,50.81,65.7,0.731,0.2,0.207,0.186,0.091,0.042,0.072,0.106,0.098,12.38,
1/9/2015,2015,30.8,5101.6,16082,862,86.6,292.3,29.07,7.15,1843,29.56,1044,100,1908,0,5,21.18,1850,62.23,1257,1.084,89.3,65.67,0.773,0.181,0.24,0.206,0.181,0.092,0.037,0.077,0.071,12.37,
2/9/2015,2015,4,7095,22079,1193,116.6,357.6,34.8,7.63,1132,31.81,1412,94.4,416,0,3,23.71,1,56.33,1434,0.959,218,58.05,0.873,0.055,0.035,0.077,0.206,0.279,0.142,0.105,0.06,12.38,
3/9/2015,2015,0,8409.6,26416,1395,135.6,382.5,37.22,5.714,1457,31.86,1551,85.6,533,0,5,23.49,530,52.61,1551,0.906,287.7,68.87,0.752,0.203,0.083,0.047,0.079,0.17,0.096,0.111,0.118,12.37,
4/9/2015,2015,1.2,5056.1,20144,1047,102.8,328,32.02,5.235,1526,31.26,1331,88.1,2354,0,3,23.41,449,58.81,1332,0.974,193,54.72,0.77,0.144,0.086,0.071,0.247,0.167,0.063,0.099,0.097,12.39,
5/9/2015,2015,2.1,5706.6,23711,1284,128.2,370.1,36.66,6.194,1447,31.04,1447,91,818,0,6,23.62,613,55.03,1452,1.078,209.1,43.85,0.881,0.045,0.022,0.04,0.251,0.407,0.125,0.138,0.05,12.38,
6/9/2015,2015,0,4133.3,22643,1190,117.8,358.2,35.1,5.075,1147,31.3,1422,88.1,323,0,0,23.49,503,50.46,1233,0.847,301.2,51.52,0.729,0.169,0.069,0.028,0.025,0.064,0.12,0.221,0.152,12.37,
7/9/2015,2015,10.9,4955,22489,1220,127,348.1,35.7,5.714,1241,30.43,1526,93.2,722,0,1,22.39,417,51.22,1552,1.096,100.6,55.8,0.892,0.201,0.179,0.202,0.131,0.09,0.081,0.125,0.088,12.38,
8/9/2015,2015,0.1,3663.5,18256,973,97.8,294.7,29.85,4.276,914,30.15,1135,89.7,11,0,0,23.48,348,59.28,1136,1.048,162.2,57.03,0.703,0.14,0.091,0.158,0.255,0.136,0.054,0.111,0.102,12.38,
9/9/2015,2015,1.2,2230.2,23953,1262,126.5,372.2,37.77,5.714,1310,30.11,1348,90.6,323,0,4,22.4,555,53.9,1235,1.107,116.5,57.22,0.84,0.265,0.164,0.125,0.135,0.125,0.078,0.097,0.118,12.38,
10/9/2015,2015,0.1,2168.5,23502,1236,124.9,364.5,37.47,6.034,1311,31.7,1408,91.2,510,0,2,23.93,334,50.19,1408,1.048,66.46,65.08,0.825,0.265,0.193,0.129,0.113,0.089,0.064,0.079,0.117,12.39,
11/9/2015,2015,2.8,3452.2,14857,785,80.9,250.2,25.81,8.75,1355,29.77,1549,91,1415,0,3,23.18,2227,65.46,1113,1.254,119.2,63.43,0.788,0.148,0.191,0.266,0.215,0.09,0.09,0.145,0.108,12.38,
12/9/2015,2015,1.6,2587.5,8605.1,433.5,41.05,120,11.99,6.513,1307,27.77,1226,91.9,542,0,4,20.57,601,69.12,1447,1.102,291.5,58.22,0.797,0.161,0.102,0.054,0.045,0.103,0.197,0.299,0.14,12.4,
13/09/15,2015,0,5839.8,18747,1007,106.4,298,31.12,6.034,1223,30.25,1529,86.6,353,0,0,23.7,612,58.44,1529,1.07,329.5,65.28,0.898,0.25,0.212,0.103,0.053,0.062,0.125,0.151,0.113,12.39,
14/09/15,2015,0.2,996.47,21094,1107,114.4,329,33.95,5.395,1035,30.4,1202,89.9,306,0,0,23.22,433,56.76,1202,1.083,159.9,63.84,0.748,0.184,0.152,0.159,0.145,0.113,0.097,0.133,0.1,12.38,
15/09/15,2015,5.3,566.23,11549,594.7,63.45,196.8,20.36,6.833,1106,28.36,1028,94.5,2319,0,1,23.16,2157,67.05,1026,1.254,329.7,67.33,0.911,0.224,0.199,0.153,0.078,0.064,0.119,0.281,0.135,12.38,
16/09/15,2015,2.7,2807.9,10944,559.2,53.14,174.6,16.49,10.83,1134,28.7,1007,94.5,46,0,0,21.6,1144,65.45,1009,0.867,285.4,56.7,0.775,0.082,0.045,0.045,0.05,0.089,0.149,0.305,0.102,12.4,
17/09/15,2015,0.2,2972.8,17402,909,88.6,301.6,29.64,4.276,1027,31.26,1255,91.5,148,0,1,23.78,637,53.17,1226,0.693,144.6,47.45,0.677,0.134,0.105,0.062,0.142,0.071,0.046,0.06,0.072,12.38,
18/09/15,2015,0.1,1598.6,17015,886,84.1,289.9,28.12,4.436,1135,30.96,1336,89.3,219,0,1,23.33,218,54.46,1337,0.713,183.8,45.84,0.643,0.129,0.061,0.044,0.161,0.081,0.039,0.082,0.116,12.38,
19/09/15,2015,0,1024.8,20487,1092,110.6,320.5,32.06,5.554,1239,30.57,1707,87.7,544,0,0,23.47,501,56.51,1150,0.72,198.7,38.37,0.699,0.146,0.07,0.02,0.145,0.097,0.053,0.091,0.098,12.37,
20/09/15,2015,3.7,2049.7,18395,940,91.6,329.2,32.01,5.235,1322,31.36,1320,91.4,2351,0,1,22.94,2348,55.61,1330,0.71,219.7,49.23,0.679,0.083,0.039,0.033,0.134,0.164,0.073,0.106,0.078,12.37,
21/09/15,2015,18.6,760,14863,777,78.6,242.2,23.64,7.15,1554,29.72,1026,92.5,1334,0,0,22.38,1609,59.31,1027,0.77,235.8,53.28,0.741,0.074,0.038,0.026,0.151,0.187,0.108,0.122,0.063,12.38,
22/09/15,2015,3.2,948.44,10004,513.7,51.26,168.8,16.49,3.956,1018,27.84,920,91.9,1334,0,0,22.65,244,68.81,1028,0.559,280.4,49.39,0.566,0.074,0.044,0.022,0.031,0.078,0.074,0.176,0.061,12.39,
23/09/15,2015,5.3,1834.3,13806,710,70.3,264.1,25.71,4.755,1107,29.27,1100,93.8,1307,0,0,23.19,547,63.6,1107,0.7,249.2,58.12,0.656,0.112,0.084,0.057,0.076,0.133,0.088,0.087,0.064,12.38,
24/09/15,2015,0.1,2526.8,18821,975,100,314.8,31.01,6.353,1401,30.62,1439,87.5,1,0,0,23.47,456,58.35,1154,0.768,258.1,59.67,0.715,0.126,0.069,0.031,0.066,0.164,0.103,0.116,0.092,12.38,
25/09/15,2015,0,193.05,23667,1265,124.8,343,33.11,6.034,1357,31.38,1329,87.2,2348,0,2,23.04,605,46.93,1515,1.064,241.5,54.87,0.915,0.13,0.037,0.03,0.156,0.37,0.16,0.108,0.072,12.38,
26/09/15,2015,0,1533.1,24620,1364,135.8,366.1,35.17,6.993,1446,32.38,1347,87.2,6,0,0,23.88,2353,50.51,1348,1.155,263.9,61.62,0.959,0.18,0.056,0.051,0.158,0.312,0.148,0.142,0.107,12.37,
27/09/15,2015,0,4410.1,24894,1366,136.6,364.4,35.28,6.353,1532,31.57,1418,87.3,446,0,0,23.81,450,48.14,1713,1.056,296.6,62.37,0.823,0.213,0.07,0.042,0.137,0.228,0.116,0.128,0.123,12.37,
28/09/15,2015,0.4,1872.4,20175,1106,110.8,339.3,33.79,6.993,1343,31.89,1423,86.1,1925,0,0,23.5,612,58.48,1424,1,253.1,54.93,0.829,0.229,0.133,0.032,0.053,0.265,0.094,0.091,0.102,12.38,
29/09/15,2015,0,757.46,24154,1347,130.4,372,35.26,6.513,1338,31.91,1442,86.8,237,0,0,23.43,628,50.28,1437,1.061,227.7,64.73,0.951,0.097,0.045,0.045,0.176,0.375,0.138,0.105,0.079,12.37,
30/09/15,2015,0,1313.2,25246,1406,139.3,368.9,35.51,7.47,1332,31.71,1215,83.5,320,0,0,22.96,606,44.44,1200,1.763,192.9,50.38,1.406,0.164,0.065,0.052,0.403,0.859,0.116,0.057,0.047,12.38,
1/10/2015,2015,0,460.84,19379,1052,103.2,313.5,30.37,9.87,1301,30.05,1253,74.8,28,0,25,24.17,345,57.98,1027,1.672,200.1,47.75,1.279,0.058,0.022,0.043,0.344,0.95,0.155,0.055,0.045,12.39,
2/10/2015,2015,1,2767.3,11183,591.8,58.74,172.1,17.29,9.71,1541,28.95,1154,86.6,108,0,26,24.4,308,61.94,1539,1.827,198,65.38,1.349,0.098,0.093,0.097,0.4,0.78,0.192,0.1,0.067,12.41,
3/10/2015,2015,19.7,3635.8,11971,649.1,66.65,217,21.84,9.87,1741,29.35,1230,91.4,1803,0,1,21.39,1800,57.68,1233,1.79,198.2,71.5,1.283,0.126,0.096,0.113,0.397,0.682,0.188,0.109,0.08,12.41,
4/10/2015,2015,0.1,5321.8,22171,1248,124.4,339.4,32.64,8.27,1314,31.6,1403,84.4,31,0,9,24.92,2308,45.29,1431,1.966,206.2,45.75,1.363,0.032,0.02,0.046,0.314,1.083,0.406,0.049,0.015,12.4,
5/10/2015,2015,0,3178.7,14575,771,77.1,254.9,24.77,5.554,1539,31.23,1201,87.8,2114,0,6,24.36,2113,57.59,1226,0.999,243.4,52.86,0.772,0.054,0.021,0.026,0.122,0.331,0.185,0.17,0.09,12.41,
6/10/2015,2015,0.1,1441.5,10567,577.8,58.46,182.9,18.48,6.034,827,30.58,1518,89.4,44,0,1,24.59,332,60.05,1514,0.861,286.7,56.38,0.728,0.092,0.041,0.024,0.039,0.084,0.172,0.285,0.125,12.41,
7/10/2015,2015,0.5,859.75,17907,1015,102.4,312.9,31.46,5.874,1042,31.24,1355,90.8,656,0,1,24.09,626,57.2,1349,0.91,45.6,64.97,0.76,0.181,0.154,0.126,0.111,0.069,0.08,0.099,0.091,12.39,
8/10/2015,2015,7.1,286.24,10291,555,56.45,181.9,17.53,6.194,1323,28.79,1020,94.4,1359,0,4,23.3,2307,63.19,834,0.913,153.7,59.32,0.708,0.108,0.097,0.178,0.176,0.131,0.066,0.083,0.074,12.4,
9/10/2015,2015,0.7,81.624,13228,733,72.8,210.9,21.41,5.075,1415,30.09,1501,89.4,2341,0,1,23.56,2359,60.71,1502,0.893,263.5,53.14,0.77,0.163,0.093,0.05,0.085,0.175,0.1,0.133,0.094,12.39,
10/10/2015,2015,3.8,154.2,13794,818,83.8,260.5,26.5,5.714,1421,30.69,1416,94.8,813,0,0,22.83,837,57.94,1416,0.892,287.3,57.19,0.763,0.155,0.134,0.071,0.044,0.074,0.156,0.177,0.081,12.38,
11/10/2015,2015,0.8,112.87,14418,828,79.6,269.2,25.84,6.194,1209,30.79,1245,92.5,143,0,1,24.08,428,56.64,1245,0.817,287.9,51.05,0.725,0.137,0.09,0.038,0.026,0.075,0.15,0.21,0.091,12.38,
12/10/2015,2015,3.3,524.59,14967,881,86.7,292.6,28.68,6.993,1000,30.36,1331,94.2,427,0,2,23.8,354,57.16,1332,1.112,31.95,68.9,0.907,0.242,0.241,0.163,0.075,0.066,0.084,0.143,0.098,12.38,
13/10/15,2015,5.1,2478.2,16390,988,97.2,302.8,29.78,6.353,1110,30.16,1343,93.3,515,0,0,22.91,331,57.75,1645,1.081,262,61.61,0.844,0.211,0.181,0.128,0.09,0.119,0.132,0.132,0.088,12.38,
14/10/15,2015,0.3,1144.6,8200.3,477.3,46.58,161.6,16.12,5.874,1140,28.11,1238,92.9,216,0,0,23.4,501,69.38,1241,0.867,301,62.86,0.797,0.15,0.163,0.103,0.047,0.078,0.117,0.136,0.074,12.26,
15/10/15,2015,0.5,342.6,17011,1002,97.4,324.8,32.02,5.395,1254,30.33,1521,90.1,2151,0,0,23.46,549,59.09,1242,0.753,235.5,47.01,0.69,0.173,0.09,0.031,0.079,0.146,0.059,0.074,0.101,12.42,
16/10/15,2015,6.1,1542.2,10931,645.2,63.15,209.1,20.06,6.353,1401,28.82,1056,91.5,2041,0,0,22.46,1419,65.79,1048,0.675,240.1,55.21,0.713,0.077,0.063,0.052,0.059,0.162,0.092,0.1,0.071,12.27,
17/10/15,2015,1.8,2687.2,10662,650.1,62.58,212.7,20.84,6.194,1338,29.24,1630,90.3,153,0,0,22.5,215,55.05,1630,0.777,241.3,46.78,0.732,0.052,0.019,0.018,0.102,0.257,0.152,0.138,0.039,12.4,
18/10/15,2015,4.6,3404.9,13435,804,74.2,273.3,25.78,4.596,1250,30.48,1445,90.2,1128,0,0,23.2,1227,60.15,1453,0.828,164.9,68.02,0.707,0.117,0.14,0.053,0.136,0.178,0.058,0.074,0.073,12.38,
19/10/15,2015,0.1,2085.2,11064,655.4,62.88,215.5,20.93,4.116,2357,30.39,1516,81.7,1149,0,1,24.06,534,57.03,1511,0.713,122.3,43.02,0.593,0.078,0.113,0.061,0.122,0.088,0.056,0.097,0.097,12.4,
20/10/15,2015,0,2270.3,20880,1252,119.9,334.5,31.09,6.673,1351,31.81,1323,86.7,2313,0,27,23.66,512,45.09,1352,0.919,228.8,58.03,0.76,0.096,0.042,0.033,0.133,0.325,0.143,0.092,0.056,12.38,
21/10/15,2015,0,1540.4,20841,1247,117.7,341.8,31.64,6.673,1331,32.36,1324,87.2,55,0,0,23.68,436,46.43,1324,0.838,220.4,54.79,0.822,0.053,0.03,0.034,0.142,0.323,0.149,0.063,0.045,12.39,
22/10/15,2015,12.4,876.42,16546,1009,98.9,314.3,30.36,6.513,1117,30.88,1507,98.1,1151,0,2,23.08,1129,50.61,1539,0.946,237.1,56.37,0.868,0.064,0.035,0.03,0.156,0.334,0.137,0.112,0.078,12.37,
23/10/15,2015,8.6,1497,7995.7,436.5,39.04,151.6,13.71,4.596,1146,28.46,1032,94.2,1222,0,6,20.7,1215,61.2,856,0.918,234.9,47.13,0.676,0.06,0.049,0.012,0.113,0.287,0.219,0.126,0.052,12.36,
24/10/15,2015,11.2,2911.3,9853.4,548.6,53.96,228.4,21.47,5.874,1056,27.86,1050,93.8,1310,0,1,20.72,1316,52.08,2314,1.215,228.1,41.63,0.768,0.133,0.042,0.078,0.202,0.254,0.152,0.182,0.171,12.17,
25/10/15,2015,27.8,2065.9,6480.8,356.6,35,155.2,14.47,13.86,1952,26.94,1003,100,1530,0,23,21.06,1505,54.37,2041,1.577,200.6,54.84,1.839,0.078,0.047,0.064,0.289,0.777,0.159,0.083,0.081,12.12,
26/10/15,2015,18.2,1139.7,3617.9,198.8,27.05,57.66,7.34,6.194,1214,25.76,1007,100,1143,0,7,21.07,1205,66.87,128,0.811,195.2,51.41,0.784,0.057,0.057,0.069,0.204,0.239,0.086,0.077,0.023,12.44,
27/10/15,2015,0,3046.9,9225.4,564.8,56.99,178.5,17.84,6.833,12,29.46,1607,89.7,1903,0,2,22.9,1,62.38,130,0.874,189.2,46.45,0.774,0.147,0.081,0.067,0.202,0.169,0.06,0.06,0.088,12.22,
28/10/15,2015,8.9,2731.5,8899.1,532.3,45.77,199.7,15.97,3.637,1146,28.46,1144,93.8,313,0,0,22.91,2306,68.32,1146,0.696,179.8,44.34,0.624,0.074,0.062,0.084,0.198,0.109,0.043,0.079,0.048,12.35,
29/10/15,2015,0,2627.8,13767,867,68.41,296.4,23.37,4.915,1321,30.04,1421,89.4,1725,0,0,23.62,153,60.47,1423,0.916,162.4,47.46,0.665,0.112,0.076,0.107,0.316,0.11,0.042,0.072,0.082,12.41,
30/10/15,2015,0.4,969.87,10895,667.1,53.11,219.4,17.35,3.637,1111,28.61,1520,90.1,1834,0,2,23.19,545,63.57,901,0.683,220.1,54.92,0.56,0.102,0.058,0.061,0.098,0.14,0.066,0.081,0.077,12.39,
31/10/15,2015,1.9,1924.5,10087,631.3,50.51,223.6,17.62,6.673,2356,28.76,1211,91.6,1607,0,0,23.3,321,64.78,1212,0.937,161.5,59.4,0.671,0.08,0.078,0.178,0.26,0.135,0.057,0.084,0.066,12.38,
1/11/2015,2015,9.4,2717.2,9337.8,574,47.14,183.7,14.85,7.47,1412,29,1239,95.6,710,0,16,21.63,1438,62.51,1714,1.065,184.9,58.28,0.865,0.105,0.122,0.195,0.237,0.125,0.092,0.128,0.061,12.38,
2/11/2015,2015,4.4,3770.5,13139,866,68.62,290.9,23.4,5.075,537,29.3,1259,93.3,743,0,3,21.85,545,61.22,1357,1.22,143,67.2,0.685,0.125,0.108,0.23,0.426,0.095,0.051,0.098,0.085,12.37,
3/11/2015,2015,4.7,2392.9,7147.7,448.5,38.94,142.9,11.8,5.714,1015,27.34,1030,94.1,719,0,5,22.44,452,73.1,1430,1.026,138.4,66.28,0.769,0.122,0.161,0.184,0.19,0.128,0.068,0.116,0.057,12.37,
4/11/2015,2015,3.7,3374,11191,750,62.68,248.5,20.27,6.993,1220,29.16,1540,91.3,643,0,11,22.83,1726,62.1,1540,1.535,138.7,55.5,0.846,0.148,0.14,0.384,0.515,0.125,0.042,0.106,0.075,12.37,
5/11/2015,2015,2.6,3802.8,10799,724,58.07,251,20.54,5.235,1301,28.18,1329,91.7,2204,0,2,21.8,2225,65.81,1551,1.131,125.2,62.39,0.723,0.148,0.149,0.234,0.246,0.082,0.07,0.119,0.083,12.36,
6/11/2015,2015,0.3,2548.8,8329.9,546.6,46.85,204.3,16.49,5.235,1732,28.02,1206,90.6,107,0,4,22.97,256,62.16,1227,1.306,153,61.51,0.817,0.067,0.157,0.373,0.331,0.168,0.087,0.084,0.039,12.37,
7/11/2015,2015,11.9,1856.6,5462.2,347.5,29.67,129.4,10.43,7.63,223,26.25,921,95.9,2333,0,0,21.54,1713,72.7,920,1.14,254.8,62.67,0.78,0.104,0.139,0.195,0.1,0.112,0.166,0.251,0.073,12.36,
8/11/2015,2015,3.8,2161.8,5932.2,402.3,37.1,129.8,10.42,5.554,903,26.76,1020,100,110,0,4,22.79,108,73.2,1021,1.114,268.7,59.97,0.815,0.071,0.087,0.087,0.063,0.104,0.215,0.421,0.066,12.37,
9/11/2015,2015,2,2435.3,6771,470.4,44.65,153.2,13.18,6.833,1211,27.35,1122,91.4,124,0,8,23.23,240,68.71,1123,1.209,88.7,72.3,0.929,0.194,0.244,0.243,0.102,0.093,0.125,0.127,0.081,12.37,
10/11/2015,2015,1.1,3051.5,8562.3,586.9,51.52,194.3,15.39,6.194,1009,26.91,1415,92.4,2228,0,2,22.88,2351,69.83,1352,1.12,43.38,75.1,0.847,0.178,0.221,0.231,0.1,0.067,0.092,0.149,0.082,12.37,
11/11/2015,2015,1,3477.3,10081,687.5,55.21,215.9,16.4,4.915,1326,29.1,1225,91.9,216,0,2,22.69,9,63.08,1231,0.711,275.1,42.1,0.606,0.13,0.046,0.022,0.057,0.079,0.12,0.173,0.083,12.37,
12/11/2015,2015,0.7,4623.1,12320,862,69.38,284.7,22.2,4.755,1221,28.45,1325,90.6,414,0,19,22.4,356,51.55,1326,1.063,163.6,49.17,0.651,0.087,0.038,0.143,0.479,0.121,0.033,0.073,0.089,12.37,
13/11/15,2015,4.3,3480.7,9737.2,675.7,55.07,230.8,18.07,4.276,1259,28.7,1437,94.2,739,0,16,22.21,642,61.83,1439,0.857,240.5,51.28,0.66,0.099,0.061,0.087,0.102,0.143,0.124,0.166,0.073,12.37,
14/11/15,2015,1.4,3472.1,9644.9,683.3,55.96,237.6,18.73,4.755,921,28.15,1341,90.4,650,0,53,22.49,642,64.48,1440,0.955,197.5,53.71,0.781,0.116,0.1,0.199,0.169,0.11,0.1,0.101,0.061,12.37,
15/11/15,2015,5.7,3133,10018,688.5,55.09,236.7,18.42,5.714,2205,28.43,1152,90.8,1518,0,0,22.21,1514,58.69,1140,1.106,141,58.57,0.846,0.111,0.128,0.292,0.244,0.104,0.074,0.088,0.066,12.37,
16/11/15,2015,6.4,1222,7858.1,531.3,40.3,188.9,14.6,5.395,1822,26.13,1248,92.9,2200,0,5,21.36,1845,68.06,947,1.13,226.2,66.63,0.775,0.142,0.16,0.2,0.107,0.135,0.143,0.149,0.095,12.37,
17/11/15,2015,3.8,2946.7,8281.1,586.6,48.32,187.1,14.34,5.554,1343,27.14,1129,93.1,447,0,0,21.82,233,67.05,1129,1.041,242.7,57.4,0.738,0.137,0.128,0.158,0.144,0.088,0.135,0.192,0.057,12.38,
18/11/15,2015,2.5,2944.3,8223.3,575.7,47.59,191.5,14.63,4.276,1229,27.6,1209,94.7,701,0,0,22.38,547,65.03,1205,0.858,189.6,51.61,0.683,0.076,0.073,0.131,0.235,0.063,0.093,0.132,0.056,12.37,
19/11/15,2015,1.7,3657.3,10148,742,59.31,252.2,20.05,4.755,1131,26.91,1338,93.5,2257,0,7,21.5,2317,62.94,1342,1.047,162.2,41.08,0.734,0.161,0.049,0.087,0.345,0.105,0.021,0.104,0.175,12.36,
20/11/15,2015,1.2,4249.5,11148,839,70.6,285.9,23.46,7.31,1131,26.1,1313,92.3,107,0,7,21.53,429,50.37,1114,1.293,340.7,54.69,0.907,0.301,0.109,0.091,0.166,0.15,0.07,0.16,0.247,12.36,
21/11/15,2015,2,2879.3,7729.9,550,41.74,167,12.53,5.235,931,24.65,915,89.4,1141,0,6,20.43,1134,59.58,743,0.908,158.4,52.17,0.729,0.104,0.046,0.151,0.293,0.114,0.053,0.074,0.073,12.37,
22/11/15,2015,2.2,2275.5,6130.9,439.8,37.73,151.3,11.82,4.436,1333,26.15,1332,90.1,1016,0,105,20.54,428,63.15,1402,0.81,209.6,58.63,0.647,0.041,0.077,0.13,0.161,0.143,0.109,0.115,0.033,12.35,
23/11/15,2015,6.1,4702.6,14683,1051,76.4,320.4,22.68,5.235,1927,29.36,1402,94.2,610,0,0,21.55,639,56.97,1337,0.748,280.3,53.68,0.654,0.088,0.03,0.02,0.032,0.107,0.137,0.231,0.102,12.34,
24/11/15,2015,0.1,4303.3,13848,992,74.2,298.1,20.68,6.353,906,29.24,1330,88.6,351,0,1,22.39,310,49.71,1307,0.907,240.8,53.84,0.754,0.061,0.025,0.033,0.136,0.242,0.149,0.185,0.077,12.34,
25/11/15,2015,0,2641.2,7733.5,513.5,39.74,189,13.82,4.915,1804,27.55,1518,86.9,2359,0,0,22.08,320,62.71,1042,0.497,257.6,36.15,0.529,0.032,0.01,0.006,0.022,0.113,0.128,0.12,0.067,12.35,
26/11/15,2015,8,2861.5,7982.6,560,48.28,182.5,14.22,4.436,2117,27.69,1437,90.7,2136,0,0,21.89,702,61.59,1438,0.554,264.5,46.02,0.575,0.08,0.043,0.03,0.044,0.1,0.079,0.101,0.078,12.34,
27/11/15,2015,0.7,3373.3,9874.1,721,56.05,230.8,16.92,5.395,832,28.99,1516,92.5,545,0,0,22.07,533,58.78,1517,0.792,279.2,51.16,0.659,0.084,0.027,0.022,0.042,0.149,0.141,0.212,0.117,12.34,
28/11/15,2015,23.4,2357,6755.7,463.4,39.48,154.7,11.63,5.235,1216,26.12,916,99.3,2255,0,2,21.05,1430,66.6,946,0.827,237.5,58.43,0.708,0.121,0.068,0.079,0.103,0.151,0.114,0.107,0.084,12.33,
29/11/15,2015,3,1471,4137.6,290.8,31.83,93,8.4,4.436,1016,25.58,1453,95.4,1,0,1,20.7,43,77.4,1454,0.859,222.9,44.02,0.627,0.072,0.058,0.088,0.219,0.088,0.078,0.179,0.077,12.34,
30/11/15,2015,1.8,1667.2,4644.7,329.6,32.56,104.9,8.82,4.915,2326,26.99,1301,92.5,2323,0,9,22.88,453,70.8,1302,1.029,281.7,59.15,0.766,0.081,0.061,0.057,0.039,0.076,0.208,0.399,0.108,12.35,
1/12/2015,2015,17.9,2197.9,6393.5,469.7,42.83,160.1,12.31,6.993,2142,27.43,1404,98.1,2019,0,5,21.55,2250,72.2,1404,1.11,263.6,65.42,0.913,0.141,0.143,0.094,0.107,0.228,0.144,0.181,0.072,12.34,
2/12/2015,2015,2.5,2288.5,6541.2,487.3,41.45,168.1,12.8,4.276,1350,28.02,1320,98.1,601,0,4,22.37,218,69.92,1307,0.8,292.3,53.37,0.684,0.119,0.084,0.048,0.023,0.062,0.147,0.242,0.075,12.34,
3/12/2015,2015,2.6,2491.4,6780.9,523.6,44.35,182.2,13.63,5.874,1103,26.68,1152,94.4,358,0,0,22.36,537,69.14,1154,0.948,261.1,64.87,0.739,0.132,0.148,0.112,0.049,0.101,0.179,0.172,0.055,12.34,
4/12/2015,2015,2.3,2361.4,6306.3,474.4,41.28,154.5,11.98,5.874,1233,25.92,1240,92.6,2359,0,4,22.33,435,71.2,1121,1.098,27,74.9,0.874,0.205,0.225,0.18,0.08,0.085,0.112,0.131,0.079,12.34,
5/12/2015,2015,4.1,2367.9,6286.3,483.2,43.87,171.7,13.1,6.833,1026,26.37,1258,93.4,36,0,0,22.09,2328,70.5,1139,1.193,126.3,70.1,0.847,0.159,0.224,0.277,0.1,0.1,0.134,0.137,0.062,12.34,
6/12/2015,2015,2,2224.6,5773.6,441.7,36.33,133.1,9.33,6.034,1707,25.37,1117,91.4,1726,0,1,21.08,1807,62.26,1058,1.115,123.2,72.9,0.817,0.138,0.201,0.236,0.141,0.097,0.106,0.127,0.068,12.34,
7/12/2015,2015,5.4,2373,6176.8,487.5,42.1,163.5,12.01,5.554,718,26.63,1613,94,344,0,7,22.08,155,70.1,1615,0.915,256.8,60.32,0.805,0.095,0.128,0.186,0.107,0.075,0.103,0.179,0.043,12.34,
8/12/2015,2015,8.8,1902,4967.4,393.7,35.06,156.8,11.85,4.755,1241,26.82,1325,94.4,2347,0,1,21.28,837,72.1,1325,0.753,266,53.68,0.632,0.063,0.055,0.062,0.049,0.084,0.156,0.245,0.039,12.34,
9/12/2015,2015,0.2,3304.4,7890.8,692.8,53.83,240,16.55,4.436,1924,28.17,1351,95.7,633,0,3,21.81,632,60.9,1355,0.846,276.6,47.88,0.63,0.048,0.019,0.017,0.023,0.072,0.216,0.358,0.093,12.32,
10/12/2015,2015,0.1,4590.4,10999,978,72,293.5,19.55,5.874,1505,28.5,1408,87.7,212,0,0,21.48,619,54.6,1402,1.004,288.9,57.62,0.737,0.084,0.031,0.029,0.049,0.109,0.162,0.373,0.167,12.34,
11/12/2015,2015,0.4,1778.9,4496.2,377.1,37.28,130.9,10.29,4.116,842,27.56,1513,92.3,642,0,1,21.99,2324,67.8,1506,0.802,302.1,50.61,0.604,0.103,0.034,0.026,0.019,0.039,0.112,0.318,0.15,12.34,
12/12/2015,2015,0.5,2480.8,6200.3,530.9,45.04,183.3,13.49,4.596,1154,26.72,1428,89.7,2219,0,19,21.82,529,66.05,1428,0.832,276.1,50.43,0.659,0.079,0.056,0.069,0.044,0.079,0.162,0.251,0.092,12.33,
13/12/15,2015,0.1,2606.4,6334.7,553.7,50.01,192,14.2,5.075,1037,26.41,1309,89.8,47,0,0,21.3,259,63.78,1311,0.956,214.8,61.28,0.661,0.107,0.12,0.108,0.092,0.207,0.17,0.09,0.062,12.34,
14/12/15,2015,0.4,2305.9,5751.8,503.8,43.93,168.4,12.3,4.436,1058,27.12,1435,90,500,0,0,21.47,2343,64.94,1437,0.832,194.3,56.9,0.655,0.091,0.107,0.139,0.106,0.15,0.101,0.078,0.059,12.33,
15/12/15,2015,0.1,4308.3,10754,975,72.9,298,19.26,4.755,958,27.27,1359,88.9,448,0,0,21.36,526,48.96,1401,0.77,235.8,50.86,0.619,0.075,0.067,0.07,0.076,0.158,0.124,0.133,0.068,12.33,
16/12/15,2015,4,3041.5,7241.7,659.7,54.4,213.1,15,4.596,244,27.55,1527,91.2,355,0,1,21.34,311,60.22,1528,0.718,246.5,49.46,0.627,0.094,0.063,0.072,0.072,0.126,0.132,0.102,0.057,12.34,
17/12/15,2015,0,3158.9,7471.8,671.4,53.39,224.7,16.49,5.075,1018,26.97,1352,88.2,150,0,0,21.38,453,60.33,1353,0.962,264.8,64.42,0.718,0.142,0.134,0.092,0.062,0.11,0.173,0.163,0.087,12.33,
18/12/15,2015,0.2,2106.5,5137,450.9,39.37,157.2,12.02,8.75,1350,25.32,1253,90.3,714,0,1,21.29,710,69.99,1523,1.129,248.6,60.47,0.876,0.135,0.193,0.157,0.076,0.119,0.213,0.167,0.07,12.34,
19/12/15,2015,2.4,2121.4,5198.6,450.5,41.02,152.1,11.49,6.353,1113,25.83,1419,93,2358,0,1,21.31,2039,65.16,1419,0.995,255.8,66.3,0.816,0.138,0.162,0.116,0.061,0.116,0.181,0.151,0.071,12.34,
20/12/15,2015,8.4,1858.7,4562.9,392,38.54,147.3,10.75,6.833,903,25.07,1147,93.4,922,0,4,20.65,1017,71.7,1151,1.071,126.7,70.8,0.823,0.11,0.215,0.248,0.122,0.088,0.106,0.141,0.039,12.35,
21/12/15,2015,0,3365,7986.9,736,57.54,247.5,17.09,6.194,1144,26.76,1431,91.1,117,0,13,21.41,418,60.18,1304,1.277,105.7,73.8,0.87,0.191,0.275,0.263,0.131,0.107,0.12,0.112,0.079,12.34,
22/12/15,2015,2,2369.7,5635.3,503,44.5,161.3,12.47,6.993,1137,25.59,1441,90.8,747,0,15,21.69,349,65.44,1441,1.474,79.9,79.7,0.874,0.226,0.294,0.318,0.152,0.09,0.121,0.163,0.109,12.34,
23/12/15,2015,0.9,2960.8,6987.5,624.4,50.91,223.3,15.85,5.874,738,27.36,1317,88,1503,0,22,21.59,335,60.03,1301,1.496,101.9,67.52,0.863,0.185,0.287,0.478,0.237,0.078,0.054,0.09,0.086,12.34,
24/12/15,2015,6.6,2821.1,6693.3,601,48.26,212,15.47,6.833,1132,25.91,1124,91.6,2300,0,0,21.55,2249,67.34,1125,1.409,86.5,82.9,0.923,0.203,0.3,0.314,0.152,0.103,0.107,0.132,0.098,12.33,
25/12/15,2015,1.8,2730.9,6402.8,568.9,47.77,187.2,13.47,6.194,1551,25.93,1126,91.7,39,0,6,21.51,1337,65.64,1058,1.632,100.5,78.3,0.892,0.198,0.342,0.445,0.225,0.104,0.095,0.131,0.092,12.34,
26/12/15,2015,3,2412.6,5586.5,495.5,43.81,189.8,13.95,6.833,11,25.62,1200,92.9,2025,0,30,20.16,2356,69.06,1318,1.432,141.3,73.2,0.886,0.128,0.207,0.4,0.202,0.125,0.137,0.159,0.075,12.33,
27/12/15,2015,1.6,3040.3,7044.3,650.3,53.54,216,15.7,6.353,1326,26.87,1508,92.3,114,0,0,20.15,550,62.15,1509,1.531,121.8,68.23,0.981,0.168,0.263,0.448,0.237,0.123,0.098,0.112,0.083,12.33,
28/12/15,2015,3.1,2260.3,5448.3,484.1,43.19,178.3,12.7,5.235,1112,25.66,1304,91.1,349,0,22,21.01,530,71.1,1306,1.158,71.9,80.5,0.771,0.167,0.197,0.223,0.121,0.09,0.109,0.164,0.088,12.33,
29/12/15,2015,0.1,2763.1,6487.7,585.1,47.36,196.4,14.4,6.833,1212,26.11,1415,86,527,0,4,21.07,737,65.28,1157,1.309,67.73,73.7,0.868,0.246,0.345,0.264,0.1,0.075,0.083,0.096,0.099,12.33,
30/12/15,2015,10.5,1957.1,4698.4,416.4,37.96,140.7,10.63,7.15,1441,26.02,1605,91.7,1123,0,218,21.33,1108,73.8,1608,1.482,95,77.7,0.91,0.186,0.337,0.412,0.155,0.097,0.094,0.128,0.073,12.33,
31/12/15,2015,1.8,2236.5,5108.2,480.2,40.66,163.4,11.75,7.15,1545,25.28,1439,92.4,2359,0,7,20.2,2357,64.98,1049,1.416,107.3,80.4,0.83,0.183,0.266,0.293,0.149,0.125,0.13,0.169,0.1,12.33,
,,,,,,,,,,,,,,,,,,,,,,,,,,,,,,,,,,
