TOA5- 2019,60144,CR1000,60144,CR1000.Std.26,CPU:Saban Wather Station_DC2018.CR1,,,,59476,T2Diario,,,,,,,,,,,,,,,,,,,,,,,,,,,,,,,,,,,
TIMESTAMP,RECORD,Rain_mm_Tot,AirTC_Avg,RH,T107_C_Avg,PTemp_C,AirTC_Max,AirTC_TMx,RH_Max,RH_TMx,T107_C_Max,T107_C_TMx,WS_ms_Max,WS_ms_TMx,AirTC_Min,AirTC_TMn,RH_Min,RH_TMn,T107_C_Min,T107_C_TMn,WS_ms_Min,WS_ms_TMn,SlrkW_2_Avg,SlrMJ_2_Tot,PAR_Den_Avg,PAR_Tot_Tot,BP_mmHg,AirTC_Std,T107_C_Std,SlrkW_2_Std,PAR_Den_Std,WS_ms_S_WVT,WindDir_D1_WVT,WindDir_SD1_WVT,WS_ms_Std,WindDir_Hst(1),WindDir_Hst(2),WindDir_Hst(3),WindDir_Hst(4),WindDir_Hst(5),WindDir_Hst(6),WindDir_Hst(7),WindDir_Hst(8),BattV,Comentario
TS,RN,mm,Deg C,%,Deg C,Deg C,Deg C,Deg C,%,%,Deg C,Deg C,meters/second,meters/second,Deg C,Deg C,%,%,Deg C,Deg C,meters/second,meters/second,kW/m^2,MJ/m^2,umol/s/m^2,mmol/m^2,mmHg,Deg C,Deg C,kW/m^2,umol/s/m^2,meters/second,Deg,Deg,meters/second,degrees,degrees,degrees,degrees,degrees,degrees,degrees,degrees,Volts,
,,Tot,Avg,Smp,Avg,Smp,Max,TMx,Max,TMx,Max,TMx,Max,TMx,Min,TMn,Min,TMn,Min,TMn,Min,TMn,Avg,Tot,Avg,Tot,Smp,Std,Std,Std,Std,WVc,WVc,WVc,Std,"Hst,8,NaN,0.0000e+00,3.6000e+02","Hst,8,NaN,0.0000e+00,3.6000e+02","Hst,8,NaN,0.0000e+00,3.6000e+02","Hst,8,NaN,0.0000e+00,3.6000e+02","Hst,8,NaN,0.0000e+00,3.6000e+02","Hst,8,NaN,0.0000e+00,3.6000e+02","Hst,8,NaN,0.0000e+00,3.6000e+02","Hst,8,NaN,0.0000e+00,3.6000e+02",Smp,
1/1/2019 0:00,22,0.3,22.67,95.6,22.59,21.42,25.84,1/1/2019 11:37,97.5,1/1/2019 7:24,26.24,1/1/2019 11:06,6.341,1/1/2019 10:42,19.7,1/1/2019 6:51,66.86,1/1/2019 11:57,19.46,1/1/2019 6:43,0,1/1/2019 0:18,0.045,1.953091,25.98,1122.542,774.3,1.599,1.842,0.082,34.71,1.024,128,57.54,1.054,0.074,0.284,0.325,0.236,0.041,0.051,0.009,0.004,12.63,
1/2/2019 0:00,23,1.8,23.27,88.7,23.39,22.06,25.63,1/2/2019 12:31,100,1/2/2019 2:07,25.94,1/2/2019 12:29,6.733,1/2/2019 2:10,20.7,1/2/2019 2:02,65.49,1/2/2019 12:06,20.7,1/2/2019 1:52,0,1/2/2019 0:01,0.038,1.649078,28.5,1231.052,774.3,1.457,1.554,0.056,83.7,1.197,126.2,48.08,0.995,0.035,0.207,0.562,0.292,0.032,0.058,0.009,0.002,12.64,
1/3/2019 0:00,24,0.5,23.19,99.5,23.26,19.47,26.28,1/3/2019 14:03,99.6,1/3/2019 23:34,26.84,1/3/2019 13:07,7.477,1/3/2019 9:59,19.93,1/3/2019 23:59,63.27,1/3/2019 14:19,19.94,1/3/2019 23:57,0,1/3/2019 0:08,0.062,2.689414,23.86,1030.763,774.9,1.676,1.871,0.108,56.96,1.308,135.2,43.81,1.329,0.008,0.137,0.53,0.543,0.051,0.031,0.007,0.001,12.61,
1/4/2019 0:00,25,1,23.11,94.6,23.16,22.11,26.61,1/4/2019 12:33,100,1/4/2019 0:43,27.13,1/4/2019 12:22,8.46,1/4/2019 11:47,19.78,1/4/2019 1:24,70.61,1/4/2019 11:43,19.57,1/4/2019 4:38,0,1/4/2019 0:02,0.061,2.656587,13.32,575.3845,774.4,2.236,2.448,0.107,33.01,1.447,141.6,29.14,1.443,0,0.036,0.467,0.868,0.064,0.009,0.003,0,12.63,
1/5/2019 0:00,26,0.3,23.89,89.3,23.88,21.92,26.4,1/5/2019 13:11,95.8,1/5/2019 5:04,27.07,1/5/2019 13:02,8.03,1/5/2019 9:45,21.67,1/5/2019 5:03,60.66,1/5/2019 14:20,21.14,1/5/2019 7:19,0,1/5/2019 1:01,0.064,2.749724,8.49,366.6768,774,1.288,1.579,0.105,19.57,1.667,134.4,26.39,1.37,0.001,0.075,0.663,0.877,0.048,0.002,0,0.001,12.62,
1/6/2019 0:00,27,5.1,22.7,100,22.79,20.42,25.97,1/6/2019 12:05,100,1/6/2019 22:25,26.39,1/6/2019 11:14,7.83,1/6/2019 12:13,20.65,1/6/2019 23:43,75.23,1/6/2019 15:13,20.63,1/6/2019 23:43,0,1/6/2019 0:01,0.054,2.340298,31.59,1364.536,773.9,1.603,1.723,0.097,87.3,1.12,153.9,45.89,1.324,0.001,0.039,0.387,0.587,0.035,0.031,0.039,0,12.62,
1/7/2019 0:00,28,0.3,22.78,98.8,22.73,20.08,26.14,1/7/2019 11:52,100,1/7/2019 0:00,26.7,1/7/2019 11:51,7.272,1/7/2019 13:58,19.87,1/7/2019 4:27,72.09,1/7/2019 11:52,19.71,1/7/2019 4:56,0,1/7/2019 0:00,0.045,1.930305,9.84,425.2408,774.4,1.881,2.088,0.086,24.4,1.074,136.7,51.15,1.228,0.018,0.11,0.415,0.43,0.025,0.046,0.027,0.002,12.62,
1/8/2019 0:00,29,0,22.06,96.3,22.06,19.86,26.1,1/8/2019 14:15,100,1/8/2019 0:56,26.78,1/8/2019 14:15,6.331,1/8/2019 12:25,19.03,1/8/2019 6:40,66.97,1/8/2019 12:01,18.69,1/8/2019 6:39,0,1/8/2019 0:00,0.053,2.29662,16.24,701.3773,773.9,2.235,2.459,0.093,46.56,0.974,191.1,82.3,0.953,0.047,0.221,0.325,0.091,0.026,0.183,0.08,0.001,12.62,
1/9/2019 0:00,30,5.4,21.82,99.4,21.9,20.21,25.89,1/9/2019 15:17,100,1/9/2019 22:20,26.14,1/9/2019 14:38,6.056,1/9/2019 13:05,19.78,1/9/2019 1:00,71.59,1/9/2019 14:39,19.72,1/9/2019 1:02,0,1/9/2019 0:02,0.046,1.987764,35.06,1514.544,772,1.523,1.595,0.086,70.31,0.884,223.9,71.63,0.885,0.02,0.099,0.232,0.185,0.035,0.168,0.134,0.01,12.62,
1/10/2019 0:00,31,1.7,22.31,93.4,22.42,20.08,26.6,1/10/2019 11:21,100,1/10/2019 0:20,26.99,1/10/2019 11:21,5.566,1/10/2019 15:17,19.87,1/10/2019 3:03,72.19,1/10/2019 12:04,19.75,1/10/2019 23:20,0,1/10/2019 0:00,0.056,2.417517,16.49,712.3168,772.3,2.202,2.347,0.087,36.54,0.776,224.8,58.15,0.762,0.003,0.006,0.073,0.279,0.082,0.174,0.153,0.005,12.61,
1/11/2019 0:00,32,151,22.84,96.4,22.89,19.1,27.23,1/11/2019 13:32,99.8,1/11/2019 5:56,27.84,1/11/2019 12:31,4.684,1/11/2019 14:46,19.64,1/11/2019 23:11,60.96,1/11/2019 14:26,19.36,1/11/2019 23:54,0,1/11/2019 0:12,0.072,3.091329,20.72,895.1631,773.3,2.518,2.667,0.105,38.22,0.834,211.2,54.65,0.763,0.003,0.007,0.08,0.341,0.11,0.196,0.092,0.005,12.6,
1/12/2019 0:00,33,77.8,21.9,99,21.81,19.47,26.16,1/12/2019 12:10,100,1/12/2019 2:28,26.74,1/12/2019 12:10,5.233,1/12/2019 16:17,18.88,1/12/2019 6:49,70.98,1/12/2019 12:49,18.45,1/12/2019 6:48,0,1/12/2019 0:15,0.055,2.391247,14.53,627.8627,773.9,2.398,2.684,0.097,32.97,0.85,218.5,81.9,0.887,0.127,0.284,0.101,0.031,0.058,0.184,0.058,0.006,12.61,
1/13/2019 0:00,34,172.4,22.4,99.4,22.51,19.97,26.24,1/13/2019 13:44,100,1/13/2019 1:20,26.74,1/13/2019 13:18,5.488,1/13/2019 10:36,20.02,1/13/2019 0:28,67.87,1/13/2019 13:25,19.83,1/13/2019 0:01,0,1/13/2019 0:00,0.054,2.315604,18.52,800.2589,774.5,1.833,1.961,0.097,47.14,0.914,189.7,82.3,0.958,0.054,0.212,0.263,0.135,0.024,0.128,0.094,0.004,12.62,
1/14/2019 0:00,35,177.5,22.06,98.2,22.04,19.76,26.92,1/14/2019 11:58,100,1/14/2019 0:33,27.34,1/14/2019 12:01,5.125,1/14/2019 13:14,18.71,1/14/2019 6:08,58.28,1/14/2019 12:25,18.49,1/14/2019 7:02,0,1/14/2019 0:00,0.077,3.305084,13.14,567.5101,773.7,2.585,2.858,0.122,40.2,0.813,204.8,79.99,0.848,0.079,0.233,0.164,0.092,0.041,0.148,0.053,0.003,12.61,
1/15/2019 0:00,36,41.6,21.93,98,21.94,18.61,26.57,1/15/2019 12:15,100,1/15/2019 3:15,27.22,1/15/2019 12:15,5.155,1/15/2019 13:55,18.21,1/15/2019 7:02,52.3,1/15/2019 13:14,17.87,1/15/2019 7:01,0,1/15/2019 0:15,0.088,3.820081,13.91,600.7167,774.1,2.73,2.981,0.126,32.83,0.991,196.6,55.86,0.887,0.001,0.033,0.246,0.368,0.08,0.221,0.042,0,12.6,
1/16/2019 0:00,37,17,22.1,97.3,22.1,20.88,26.52,1/16/2019 12:13,100,1/16/2019 2:37,27.29,1/16/2019 12:13,7.213,1/16/2019 19:18,17.82,1/16/2019 3:02,70.5,1/16/2019 12:24,17.55,1/16/2019 3:04,0,1/16/2019 0:14,0.057,2.473455,13.62,588.3933,774.5,2.637,2.87,0.095,40.7,0.942,185.5,67.07,0.911,0.008,0.063,0.27,0.307,0.05,0.142,0.099,0.004,12.62,
1/17/2019 0:00,38,38.4,20.87,100,21.01,20.13,23.06,1/17/2019 13:48,100,1/17/2019 1:45,23.21,1/17/2019 13:53,4.263,1/17/2019 3:52,19.87,1/17/2019 19:56,88.9,1/17/2019 13:14,19.99,1/17/2019 22:44,0,1/17/2019 0:25,0.02,0.8602252,38.24,1652.162,774.3,0.889,0.934,0.032,53.58,0.807,267.8,59.99,0.677,0.056,0.024,0.037,0.047,0.054,0.247,0.296,0.045,12.63,
1/18/2019 0:00,39,0.1,21.86,98.4,21.85,18.43,25.98,1/18/2019 14:10,100,1/18/2019 0:00,26.69,1/18/2019 13:46,6.243,1/18/2019 14:15,18.77,1/18/2019 5:18,59.11,1/18/2019 12:45,18.58,1/18/2019 5:47,0,1/18/2019 0:00,0.073,3.139941,92.3,3987.816,773.6,2.405,2.613,0.115,182.9,0.958,189.8,59.06,0.954,0,0.047,0.34,0.312,0.054,0.175,0.03,0,12.6,
1/19/2019 0:00,40,0.9,21.59,99.9,21.56,19.78,26.42,1/19/2019 12:14,100,1/19/2019 1:54,27.25,1/19/2019 12:14,5.459,1/19/2019 14:57,17.85,1/19/2019 1:27,63,1/19/2019 13:19,17.66,1/19/2019 5:06,0,1/19/2019 0:44,0.08,3.441278,24.16,1043.566,774.2,2.797,3.048,0.131,61.48,0.917,170.8,59.97,1.014,0.009,0.15,0.324,0.232,0.06,0.118,0.022,0.001,12.61,
1/20/2019 0:00,41,0.1,21.73,100,21.67,19.23,26.44,1/20/2019 14:24,100,1/20/2019 0:09,27.01,1/20/2019 14:24,7.644,1/20/2019 11:37,18.27,1/20/2019 6:41,51.45,1/20/2019 14:24,18,1/20/2019 6:03,0,1/20/2019 0:00,0.078,3.361828,24.6,1062.785,774.3,2.766,2.975,0.121,84.6,1.073,181.4,54.99,1.322,0.001,0.041,0.348,0.514,0.041,0.099,0.028,0.001,12.61,
1/21/2019 0:00,42,17.2,22.3,100,22.33,20.56,26.21,1/21/2019 14:52,100,1/21/2019 0:00,26.89,1/21/2019 13:06,5.919,1/21/2019 17:47,19.22,1/21/2019 4:02,71.14,1/21/2019 13:07,18.82,1/21/2019 4:02,0,1/21/2019 0:00,0.059,2.535364,12.53,541.2514,774.4,2.138,2.39,0.097,36.51,0.838,176.8,56.24,0.893,0.013,0.045,0.201,0.382,0.062,0.1,0.033,0.002,12.62,
1/22/2019 0:00,43,6.3,22.83,93.2,22.85,22.03,27.03,1/22/2019 14:17,100,1/22/2019 0:00,27.59,1/22/2019 14:16,6.145,1/22/2019 11:24,20.01,1/22/2019 4:22,66.64,1/22/2019 13:18,19.63,1/22/2019 2:52,0,1/22/2019 0:00,0.055,2.357881,51.63,2230.561,775.9,1.973,2.162,0.1,104,0.991,136.1,65.21,1.035,0.064,0.234,0.358,0.172,0.04,0.088,0.03,0.005,12.63,
1/23/2019 0:00,44,9.5,23.27,96.7,23.36,21.4,25.56,1/23/2019 11:53,99.1,1/23/2019 1:57,26.17,1/23/2019 11:53,7.967,1/23/2019 15:23,20.78,1/23/2019 1:55,75.45,1/23/2019 14:11,20.7,1/23/2019 1:46,0,1/23/2019 0:00,0.049,2.127604,38.94,1682.131,775.2,1.122,1.216,0.087,90.8,1.666,110,37.92,1.317,0.034,0.401,0.906,0.298,0.01,0.007,0.007,0.003,12.63,
1/24/2019 0:00,45,1.5,22.76,92.5,22.74,22.33,25.62,1/24/2019 15:05,99.9,1/24/2019 22:00,25.96,1/24/2019 11:44,7.203,1/24/2019 12:33,20.54,1/24/2019 20:58,74.99,1/24/2019 14:40,20.54,1/24/2019 21:19,0,1/24/2019 0:02,0.054,2.312109,15.83,684.0077,775.1,1.46,1.639,0.1,28.65,1.294,141.7,29.74,1.268,0,0.032,0.483,0.724,0.041,0.011,0.003,0,12.63,
1/25/2019 0:00,46,22.7,21.82,100,21.89,18.87,24.19,1/25/2019 15:40,100,1/25/2019 22:34,24.4,1/25/2019 15:39,9.51,1/25/2019 11:37,19.18,1/25/2019 23:58,82.8,1/25/2019 17:19,18.98,1/26/2019 0:00,0,1/25/2019 0:42,0.032,1.361906,73.06,3156.145,774.9,1.236,1.32,0.047,113.6,1.13,144.8,35.41,1.153,0.003,0.038,0.354,0.638,0.065,0.022,0.007,0.001,12.62,
1/26/2019 0:00,47,0.9,21.92,95.4,21.93,19.26,26.02,1/26/2019 13:29,100,1/26/2019 0:00,26.5,1/26/2019 13:28,7.419,1/26/2019 10:44,18.59,1/26/2019 2:43,61.94,1/26/2019 12:16,18.32,1/26/2019 2:41,0,1/26/2019 0:03,0.082,3.553619,42.7,1844.708,773.5,2.484,2.692,0.13,105.1,1.097,169.1,69.83,1.206,0.026,0.148,0.422,0.289,0.034,0.133,0.044,0.002,12.61,
1/27/2019 0:00,48,0,21.94,95.1,21.9,20.21,26.26,1/27/2019 12:03,100,1/27/2019 3:41,26.8,1/27/2019 12:04,6.468,1/27/2019 14:06,18.45,1/27/2019 6:01,61.47,1/27/2019 12:04,18.24,1/27/2019 5:19,0,1/27/2019 0:00,0.066,2.84166,16.83,727.2683,772.4,2.432,2.698,0.11,45.54,1.059,168.7,51.61,1.3,0.001,0.032,0.35,0.526,0.051,0.069,0.025,0.004,12.62,
1/28/2019 0:00,49,0,23.16,94.5,23.22,20.37,26.81,1/28/2019 14:14,98.8,1/28/2019 22:10,27.43,1/28/2019 14:14,7.281,1/28/2019 11:43,20.37,1/28/2019 22:07,70.11,1/28/2019 14:17,20.31,1/28/2019 22:07,0,1/28/2019 0:00,0.061,2.617178,31.84,1375.699,772.9,1.625,1.845,0.107,99.1,1.334,161.4,49.98,1.393,0.003,0.02,0.303,0.826,0.102,0.038,0.036,0.007,12.62,
1/29/2019 0:00,50,0,22.54,91.1,22.57,21.51,27.29,1/29/2019 14:23,99,1/29/2019 6:42,27.75,1/29/2019 14:23,6.409,1/29/2019 12:23,18.51,1/29/2019 6:36,52.82,1/29/2019 12:09,18.39,1/29/2019 6:40,0,1/29/2019 0:07,0.083,3.602454,31.7,1369.646,773.1,2.428,2.708,0.127,45.34,1.053,177.4,58.99,1.07,0.001,0.029,0.255,0.516,0.073,0.115,0.062,0.002,12.62,
1/30/2019 0:00,51,4.3,22.95,100,23.04,21.12,26.45,1/30/2019 12:26,100,1/30/2019 23:05,27.15,1/30/2019 12:26,5.919,1/30/2019 10:47,20.46,1/30/2019 7:28,63.57,1/30/2019 12:33,20.52,1/30/2019 7:28,0,1/30/2019 0:01,0.065,2.810754,29.42,1270.992,773.7,1.879,2.018,0.112,45.13,0.97,187.2,65.52,1.001,0.001,0.05,0.296,0.369,0.036,0.138,0.077,0.003,12.62,
1/31/2019 0:00,52,5.7,22.42,96.7,22.53,19.13,25.77,1/31/2019 14:36,100,1/31/2019 0:00,26.51,1/31/2019 14:35,6.684,1/31/2019 11:23,19.51,1/31/2019 23:24,69.59,1/31/2019 13:33,19.18,1/31/2019 23:51,0,1/31/2019 0:01,0.056,2.439745,20.6,889.8309,773.9,1.739,1.844,0.098,30.63,1.023,160.8,70.67,0.966,0.044,0.185,0.348,0.182,0.094,0.131,0.036,0.004,12.61,
2/1/2019 0:00,53,3,21.97,98.7,22.02,19.57,25.62,2/1/2019 14:45,100,2/1/2019 4:27,26.01,2/1/2019 12:42,6.752,2/1/2019 14:47,19.65,2/1/2019 4:17,58.43,2/1/2019 14:52,19.44,2/1/2019 0:32,0,2/1/2019 0:03,0.062,2.662758,59.25,2559.42,774.3,2.107,2.241,0.101,159,1.115,186.2,72.68,1.142,0.019,0.194,0.463,0.128,0.045,0.191,0.074,0.001,12.61,
2/2/2019 0:00,54,0.2,21.75,99.3,21.69,19.13,25.32,2/2/2019 13:20,99.7,2/2/2019 7:13,25.88,2/2/2019 13:19,6.958,2/2/2019 13:49,19.06,2/2/2019 6:51,67.57,2/2/2019 11:30,18.86,2/2/2019 6:36,0,2/2/2019 0:00,0.058,2.504189,23.1,997.8502,773.3,2.096,2.307,0.094,50.15,0.885,186.9,66.22,0.994,0.013,0.118,0.303,0.218,0.039,0.149,0.043,0.002,12.61,
2/3/2019 0:00,55,13.2,22.46,100,22.51,20.91,26.28,2/3/2019 15:34,100,2/3/2019 1:39,26.72,2/3/2019 13:05,5.047,2/3/2019 16:13,19.24,2/3/2019 3:55,65.26,2/3/2019 12:40,19.07,2/3/2019 3:50,0,2/3/2019 0:01,0.082,3.539336,5.644,243.8185,773,2.309,2.487,0.126,14.8,0.938,169.1,62.02,1.012,0.008,0.129,0.344,0.252,0.049,0.113,0.04,0.001,12.61,
2/4/2019 0:00,56,0.1,22.05,100,22.07,19.57,26.38,2/4/2019 13:22,100,2/4/2019 0:00,26.93,2/4/2019 13:23,5.302,2/4/2019 12:26,18.65,2/4/2019 5:32,67.32,2/4/2019 13:23,18.44,2/4/2019 5:32,0,2/4/2019 0:01,0.066,2.839794,4.408,190.41,772.2,2.415,2.65,0.117,12.01,0.919,194.2,55.14,0.996,0.001,0.032,0.251,0.376,0.068,0.152,0.039,0.001,12.61,
2/5/2019 0:00,57,0.6,22.41,98.6,22.38,20.8,26.78,2/5/2019 11:31,100,2/5/2019 0:00,27.26,2/5/2019 11:22,5.704,2/5/2019 12:12,18.83,2/5/2019 4:20,64.56,2/5/2019 11:25,18.56,2/5/2019 4:18,0,2/5/2019 0:02,0.075,3.251503,12.68,547.644,772.2,2.649,2.944,0.121,45.19,0.955,198.7,58.14,0.876,0.001,0.029,0.212,0.383,0.073,0.178,0.077,0.002,12.61,
2/6/2019 0:00,58,0.2,22.64,96.8,22.7,20.58,26.38,2/6/2019 10:45,100,2/6/2019 5:30,26.47,2/6/2019 10:43,3.793,2/6/2019 11:29,19.48,2/6/2019 6:54,75.52,2/6/2019 10:53,19.29,2/6/2019 7:07,0,2/6/2019 0:00,0.046,1.970472,6.985,301.7609,772.2,1.755,1.899,0.078,24.45,0.64,229.4,69.84,0.675,0.1,0.129,0.032,0.083,0.052,0.177,0.059,0.007,12.62,
2/7/2019 0:00,59,0.1,22.82,99.8,22.92,20.83,26.92,2/7/2019 15:04,100,2/7/2019 2:56,27.41,2/7/2019 14:59,5.008,2/7/2019 15:12,19.68,2/7/2019 7:06,51.39,2/7/2019 13:35,19.6,2/7/2019 6:54,0,2/7/2019 0:10,0.09,3.871522,3.144,135.8216,773.2,2.474,2.678,0.133,10.52,0.86,187.7,70.03,0.883,0.059,0.113,0.186,0.26,0.071,0.109,0.055,0.008,12.61,
2/8/2019 0:00,60,5.7,22.77,98,22.89,20.61,26.24,2/8/2019 15:49,100,2/8/2019 0:08,26.78,2/8/2019 13:04,5.449,2/8/2019 13:34,20.49,2/8/2019 23:24,68.32,2/8/2019 13:32,20.74,2/8/2019 23:21,0,2/8/2019 0:00,0.066,2.869503,6.719,290.2506,773.5,1.847,1.953,0.113,19.72,0.819,181.3,85.5,0.938,0.138,0.304,0.116,0.037,0.043,0.116,0.05,0.014,12.62,
2/9/2019 0:00,61,7.2,22.37,99.6,22.42,20.99,25.98,2/9/2019 14:10,100,2/9/2019 1:24,26.48,2/9/2019 14:10,5.086,2/9/2019 14:16,20.43,2/9/2019 7:17,75.79,2/9/2019 14:08,20.38,2/9/2019 7:17,0,2/9/2019 0:12,0.037,1.587233,44.88,1938.638,774.2,1.565,1.641,0.067,115,0.902,236.5,84.8,0.828,0.099,0.228,0.163,0.062,0.029,0.2,0.108,0.013,12.62,
2/10/2019 0:00,62,4.8,23.08,91.2,23.14,22.28,26.03,2/10/2019 12:19,100,2/10/2019 3:22,26.49,2/10/2019 14:32,7.85,2/10/2019 14:39,20.62,2/10/2019 7:02,69.66,2/10/2019 12:04,20.52,2/10/2019 7:02,0,2/10/2019 0:00,0.06,2.577426,29.18,1260.639,774.5,1.657,1.787,0.112,107.8,1.312,119,59.03,1.343,0.048,0.286,0.636,0.222,0.02,0.054,0.04,0.005,12.63,
2/11/2019 0:00,63,3.9,22.81,84.6,22.87,22.59,25.83,2/11/2019 13:47,99.1,2/11/2019 6:07,26.3,2/11/2019 13:47,8.42,2/11/2019 14:08,20.22,2/11/2019 5:38,71.47,2/11/2019 13:45,20.03,2/11/2019 6:53,0,2/11/2019 0:07,0.061,2.615324,9.16,395.7784,774.3,1.334,1.502,0.108,16.94,1.183,136.2,49.69,1.194,0.009,0.106,0.457,0.497,0.055,0.033,0.023,0.002,12.64,
2/12/2019 0:00,64,0,23.1,81.9,23.17,22.67,26.19,2/12/2019 14:25,98.7,2/12/2019 7:25,26.84,2/12/2019 12:02,7.722,2/12/2019 14:49,20.18,2/12/2019 6:56,64.75,2/12/2019 14:48,20.15,2/12/2019 6:45,0,2/12/2019 0:04,0.087,3.774802,4.469,193.07,774.4,1.833,2.057,0.141,12.4,1.415,141.3,34.01,1.33,0.004,0.109,0.544,0.692,0.046,0.013,0.005,0.001,12.63,
2/13/2019 0:00,65,0,23.85,84.8,23.92,23.12,26.07,2/13/2019 13:56,91.7,2/13/2019 4:53,26.6,2/13/2019 13:55,8.25,2/13/2019 14:53,21.75,2/13/2019 4:52,66.89,2/13/2019 13:52,21.28,2/13/2019 4:51,0,2/13/2019 0:34,0.059,2.54799,13.14,567.8457,773.3,1.091,1.301,0.099,50.94,1.782,138.4,28.48,1.326,0.001,0.059,0.695,0.955,0.062,0.008,0.002,0,12.63,
2/14/2019 0:00,66,5.6,23.83,92.6,23.86,21.89,26.75,2/14/2019 16:20,97,2/14/2019 1:45,26.71,2/14/2019 13:01,8.59,2/14/2019 10:02,20.99,2/14/2019 1:18,69.59,2/14/2019 16:53,21.15,2/14/2019 2:39,0,2/14/2019 0:03,0.056,2.416043,14.7,635.0811,772.9,1.481,1.538,0.087,35.97,1.669,167.4,52.67,1.285,0.004,0.025,0.295,0.981,0.226,0.084,0.045,0.008,12.63,
2/15/2019 0:00,67,0.3,23.84,88.8,23.86,22.42,26.77,2/15/2019 15:14,98.3,2/15/2019 5:15,27.05,2/15/2019 14:17,9.36,2/15/2019 10:14,21.4,2/15/2019 4:59,73.97,2/15/2019 14:13,21.26,2/15/2019 4:59,0,2/15/2019 0:06,0.066,2.833106,13.31,575.0328,772.6,1.339,1.483,0.11,20.28,1.296,192.2,61.83,1.212,0.005,0.016,0.163,0.684,0.175,0.151,0.09,0.012,12.63,
2/16/2019 0:00,68,0,24.29,92.9,24.36,23.24,27.68,2/16/2019 12:07,99.4,2/16/2019 6:08,28.38,2/16/2019 12:06,7.438,2/16/2019 13:42,20.6,2/16/2019 5:48,71.24,2/16/2019 12:20,20.61,2/16/2019 5:50,0,2/16/2019 0:01,0.088,3.78697,8.98,387.9087,773.4,1.917,2.065,0.13,18.47,1.082,211.8,67.67,1.048,0.009,0.016,0.105,0.464,0.174,0.138,0.159,0.017,12.63,
2/17/2019 0:00,69,0,24.48,99.7,24.58,21.02,27.5,2/17/2019 13:19,100,2/17/2019 23:51,28.19,2/17/2019 13:05,6.262,2/17/2019 12:06,21.27,2/17/2019 23:49,73.5,2/17/2019 13:07,21.19,2/17/2019 23:56,0,2/17/2019 0:00,0.078,3.368263,35.13,1517.764,775.1,1.587,1.745,0.125,103.6,1.407,148.9,37.91,1.266,0.001,0.043,0.445,0.809,0.073,0.016,0.019,0.002,12.61,
2/18/2019 0:00,70,1.4,23.22,94.6,23.18,20.66,26.34,2/18/2019 11:57,100,2/18/2019 0:01,26.98,2/18/2019 12:49,7.134,2/18/2019 16:07,20.24,2/18/2019 23:59,61.08,2/18/2019 10:13,20.26,2/18/2019 23:59,0,2/18/2019 0:00,0.081,3.513228,78.53,3392.536,775.5,1.847,2.097,0.122,166.1,1.289,137.6,39.19,1.292,0.005,0.167,0.504,0.548,0.033,0.013,0.017,0,12.62,
2/19/2019 0:00,71,0.9,22.74,83.3,22.72,22.75,26.16,2/19/2019 13:53,97.6,2/19/2019 1:12,26.76,2/19/2019 13:43,7.811,2/19/2019 14:16,18.81,2/19/2019 6:23,68.63,2/19/2019 13:54,18.46,2/19/2019 6:48,0,2/19/2019 0:00,0.069,2.999044,19.73,852.3669,775.2,1.962,2.175,0.111,52.81,1.325,137.3,49.91,1.169,0.006,0.188,0.605,0.408,0.043,0.062,0.013,0.001,12.63,
2/20/2019 0:00,72,9.4,22.76,85.7,22.87,22.06,24.95,2/20/2019 10:52,98.9,2/20/2019 5:13,25.4,2/20/2019 11:45,6.978,2/20/2019 14:57,20.58,2/20/2019 4:46,76.36,2/20/2019 11:05,20.64,2/20/2019 2:32,0,2/20/2019 0:36,0.055,2.363407,14.26,616.0549,775.2,1.041,1.119,0.089,21.65,1.349,125.9,34.1,1.028,0.014,0.198,0.636,0.456,0.036,0.007,0.001,0.002,12.64,
2/21/2019 0:00,73,0.6,23.11,92.5,23.04,21.84,26.06,2/21/2019 16:01,96.7,2/21/2019 4:47,26.32,2/21/2019 12:36,8.85,2/21/2019 10:20,19.78,2/21/2019 4:42,65.82,2/21/2019 15:46,19.4,2/21/2019 4:25,0,2/21/2019 0:11,0.08,3.441425,11.18,483.0664,775.3,1.779,2.042,0.117,19.59,1.599,141.2,31.03,1.506,0.002,0.072,0.52,0.916,0.076,0.011,0.002,0,12.62,
2/22/2019 0:00,74,0.6,24.22,85.5,24.36,23.52,26.18,2/22/2019 14:15,96.3,2/22/2019 0:53,26.81,2/22/2019 14:11,7.958,2/22/2019 14:50,21.34,2/22/2019 0:50,75.29,2/22/2019 9:48,21.12,2/22/2019 0:50,0,2/22/2019 0:01,0.064,2.743839,5.668,244.8778,775.6,1.002,1.146,0.106,8.61,2.002,120.4,28.06,1.12,0.008,0.253,1.136,0.585,0.019,0.001,0,0,12.63,
2/23/2019 0:00,75,0.9,23.48,92.6,23.59,21.84,26,2/23/2019 12:23,98,2/23/2019 3:40,26.75,2/23/2019 12:23,7.085,2/23/2019 13:47,20.32,2/23/2019 3:34,67.63,2/23/2019 13:39,20.28,2/23/2019 3:31,0,2/23/2019 1:08,0.063,2.717471,18.2,786.2194,775.6,1.207,1.334,0.097,43.27,1.603,125.6,37.29,1.077,0.014,0.215,0.742,0.579,0.031,0.016,0.004,0.001,12.63,
2/24/2019 0:00,76,0,23.16,97.5,23.26,19.73,26.39,2/24/2019 12:43,98.4,2/24/2019 22:40,26.9,2/24/2019 12:43,7.085,2/24/2019 10:49,20.15,2/24/2019 23:56,62.63,2/24/2019 12:55,19.88,2/24/2019 23:34,0,2/24/2019 0:11,0.072,3.122314,6.034,260.675,775.1,1.763,1.93,0.113,15.15,1.519,131.5,39.31,1.22,0.005,0.177,0.722,0.543,0.044,0.018,0.009,0.002,12.61,
2/25/2019 0:00,77,1.1,22.49,89.3,22.49,22.78,25.95,2/25/2019 11:06,98.8,2/25/2019 7:10,26.43,2/25/2019 11:05,8.09,2/25/2019 11:25,18.71,2/25/2019 3:07,71.38,2/25/2019 12:03,18.4,2/25/2019 3:54,0,2/25/2019 0:00,0.061,2.621666,4.246,183.4261,776.1,2.214,2.428,0.093,7.925,1.1,111.3,70.73,1.116,0.129,0.351,0.333,0.14,0.029,0.098,0.013,0.007,12.63,
2/26/2019 0:00,78,12.4,23.52,99.3,23.67,20.5,25.9,2/26/2019 13:36,99.3,2/27/2019 0:00,26.45,2/26/2019 11:11,9.11,2/26/2019 11:32,20.4,2/26/2019 23:40,68.34,2/26/2019 11:57,20.52,2/26/2019 23:41,0,2/26/2019 0:00,0.065,2.793894,2.771,119.756,775.3,1.346,1.411,0.106,3.414,1.738,113.7,39.99,1.296,0.056,0.381,0.909,0.347,0.024,0.013,0.005,0.002,12.61,
2/27/2019 0:00,79,7.4,22.85,98.4,22.91,20.5,25.68,2/27/2019 13:24,99.4,2/27/2019 0:01,26.01,2/27/2019 12:59,6.909,2/27/2019 14:19,20.69,2/27/2019 0:00,70.96,2/27/2019 11:54,20.63,2/27/2019 23:33,0,2/27/2019 0:04,0.057,2.46453,63.14,2727.723,775.3,1.176,1.299,0.094,138.9,1.169,136.1,36.25,0.995,0.008,0.139,0.462,0.489,0.057,0.008,0.006,0.001,12.61,
2/28/2019 0:00,80,0.3,23.33,95.1,23.3,21.84,26.52,2/28/2019 13:32,99.1,2/28/2019 0:52,27,2/28/2019 13:32,8.09,2/28/2019 12:52,20.05,2/28/2019 6:05,73.71,2/28/2019 13:22,19.75,2/28/2019 6:04,0,2/28/2019 0:00,0.071,3.059118,31.21,1348.068,774.6,1.888,2.17,0.119,139.2,1.47,144.2,34.67,1.417,0.001,0.051,0.538,0.791,0.066,0.012,0.008,0.003,12.62,
3/1/2019 0:00,81,9.7,23.32,96.5,23.35,20.02,26.59,3/1/2019 14:46,99.6,3/1/2019 6:57,27.05,3/1/2019 14:59,8.14,3/1/2019 13:08,20.54,3/1/2019 23:34,67.88,3/1/2019 14:49,20.27,3/1/2019 23:31,0,3/1/2019 0:01,0.089,3.836196,11.61,501.4928,775.5,1.853,2.089,0.144,37.56,1.524,137.4,27,1.619,0.003,0.072,0.762,0.654,0.028,0.002,0.001,0,12.61,
3/2/2019 0:00,82,0.1,23.49,96.5,23.47,20.13,27.48,3/2/2019 13:11,97.6,3/2/2019 22:37,28.33,3/2/2019 13:13,7.683,3/2/2019 12:18,20.25,3/2/2019 22:35,55.91,3/2/2019 15:44,20.16,3/2/2019 21:20,0,3/2/2019 0:00,0.104,4.503712,10.18,439.6652,774.1,2.147,2.417,0.153,49.02,1.593,145.1,39.69,1.374,0.001,0.055,0.61,0.816,0.059,0.039,0.013,0,12.6,
3/3/2019 0:00,83,2.8,23.09,95.6,23.12,20.48,26.91,3/3/2019 12:40,99,3/3/2019 4:12,27.43,3/3/2019 12:40,7.517,3/3/2019 12:07,19.8,3/3/2019 6:46,66.12,3/3/2019 14:38,19.58,3/3/2019 6:52,0,3/3/2019 0:00,0.095,4.123266,7.939,342.9779,773.4,2.264,2.5,0.147,23.45,1.523,150.4,43.77,1.571,0.002,0.054,0.579,0.758,0.06,0.046,0.024,0,12.6,
3/4/2019 0:00,84,14.5,23.13,89.6,23.17,22.36,25.96,3/4/2019 14:03,98.7,3/4/2019 1:51,26.39,3/4/2019 14:03,8.58,3/4/2019 13:49,20.56,3/4/2019 0:05,69.14,3/4/2019 15:50,20.42,3/4/2019 0:00,0,3/4/2019 0:02,0.067,2.915377,12.04,520.075,774,1.527,1.658,0.123,16.84,1.635,140.9,36.86,1.525,0.007,0.049,0.536,0.949,0.065,0.012,0.016,0.002,12.62,
3/5/2019 0:00,85,2348,23.79,87.9,23.85,21.51,26.6,3/5/2019 12:56,96.3,3/5/2019 7:09,27.04,3/5/2019 12:55,9.53,3/5/2019 11:54,21.7,3/5/2019 6:46,68.41,3/5/2019 11:09,21.58,3/5/2019 3:30,0,3/5/2019 0:42,0.09,3.895161,6.213,268.4084,774.2,1.491,1.697,0.139,10.44,1.812,140.7,36.87,1.641,0.002,0.067,0.626,1.002,0.094,0.012,0.008,0.002,12.61,
3/6/2019 0:00,86,0.2,23.19,98.5,23.27,20.29,26.94,3/6/2019 12:15,99.9,3/6/2019 21:02,27.52,3/6/2019 12:14,7.585,3/6/2019 10:57,20.3,3/6/2019 5:12,69.02,3/6/2019 11:50,20.27,3/6/2019 5:11,0,3/6/2019 0:00,0.079,3.4126,9.76,421.7354,774.1,2.141,2.377,0.134,12.48,1.292,150.2,56.46,1.447,0.001,0.044,0.509,0.595,0.041,0.021,0.078,0.003,12.61,
3/7/2019 0:00,87,19.3,22.79,97.3,22.9,20.24,26.56,3/7/2019 10:54,100,3/7/2019 2:59,27.15,3/7/2019 10:43,6.88,3/7/2019 12:38,20.14,3/7/2019 4:37,64.47,3/7/2019 14:47,20.03,3/7/2019 4:36,0,3/7/2019 0:00,0.083,3.574609,12.95,559.5197,774.6,2.103,2.303,0.124,48.88,1.083,182,62.39,1.208,0.006,0.091,0.332,0.442,0.044,0.11,0.059,0,12.61,
3/8/2019 0:00,88,0,22.86,87.8,22.93,22.78,26.43,3/8/2019 12:30,99.4,3/8/2019 4:30,27.18,3/8/2019 12:29,6.752,3/8/2019 23:43,19.54,3/8/2019 2:00,62.4,3/8/2019 11:19,19.34,3/8/2019 2:04,0,3/8/2019 0:02,0.088,3.788965,2.731,117.9597,773.3,2.167,2.352,0.141,11.16,1.21,148.8,58.8,1.2,0.011,0.17,0.519,0.355,0.036,0.091,0.027,0.001,12.63,
3/9/2019 0:00,89,3,23.03,94.6,23.11,20.8,26.87,3/9/2019 15:26,98.8,3/9/2019 8:00,27.28,3/9/2019 15:25,8.73,3/9/2019 14:30,19.99,3/9/2019 7:18,62.11,3/9/2019 15:15,20.21,3/9/2019 7:16,0,3/9/2019 0:00,0.076,3.274674,6.372,275.2908,774.2,1.948,2.078,0.114,20.6,1.389,136.3,44.76,1.338,0.008,0.073,0.51,0.694,0.051,0.021,0.025,0.006,12.61,
3/10/2019 0:00,90,74.7,22.6,87.7,22.62,21.97,25.98,3/10/2019 10:30,99.2,3/10/2019 2:37,26.64,3/10/2019 10:30,7.958,3/10/2019 14:05,19.76,3/10/2019 6:58,68.79,3/10/2019 10:28,19.64,3/10/2019 5:15,0,3/10/2019 0:03,0.055,2.372536,8.51,367.6442,774.4,1.764,1.928,0.09,29.59,1.164,131.8,59.69,1.227,0.031,0.207,0.482,0.306,0.045,0.061,0.028,0.003,12.62,
3/11/2019 0:00,91,19.6,22.62,98.8,22.74,19.84,26.35,3/11/2019 11:22,99.6,3/11/2019 6:55,27.01,3/11/2019 11:21,6.997,3/11/2019 12:13,20,3/11/2019 23:34,69.02,3/11/2019 13:51,20.04,3/11/2019 23:36,0,3/11/2019 0:01,0.085,3.685233,11.51,497.2517,773.6,1.846,2.024,0.145,36.8,1.21,108.8,71.53,1.264,0.163,0.491,0.281,0.131,0.037,0.068,0.03,0.009,12.61,
3/12/2019 0:00,92,0.2,22.19,98.9,22.26,19.57,26.12,3/12/2019 14:07,99.4,3/12/2019 5:52,26.81,3/12/2019 14:07,5.733,3/12/2019 11:59,18.92,3/12/2019 6:45,64.03,3/12/2019 11:31,18.58,3/12/2019 5:52,0,3/12/2019 0:04,0.123,5.299203,3.545,153.1573,773.4,2.563,2.809,0.169,15.05,1.105,180.1,89.8,1.022,0.194,0.407,0.164,0.033,0.101,0.148,0.042,0.015,12.6,
3/13/2019 0:00,93,0.2,22.36,98.7,22.47,20.18,28.26,3/13/2019 14:22,100,3/13/2019 1:53,28.95,3/13/2019 14:20,4.537,3/13/2019 10:45,19.14,3/13/2019 1:52,57.75,3/13/2019 14:22,18.94,3/13/2019 6:45,0,3/13/2019 0:01,0.074,3.207262,3.633,156.9497,773.1,2.385,2.584,0.131,8.17,0.741,224.4,63.82,0.716,0.026,0.099,0.104,0.128,0.084,0.197,0.094,0.007,12.61,
3/14/2019 0:00,94,3.8,22.74,99.1,22.79,19.36,27.53,3/14/2019 14:40,100,3/14/2019 3:28,28.19,3/14/2019 14:40,5.811,3/14/2019 14:14,18.91,3/14/2019 6:16,43.55,3/14/2019 14:24,18.69,3/14/2019 5:59,0,3/14/2019 0:00,0.116,5.018491,26.72,1154.339,773.4,2.946,3.235,0.157,103.2,1.178,178.5,59.54,1.133,0.003,0.107,0.434,0.357,0.088,0.166,0.023,0,12.6,
3/15/2019 0:00,95,4.2,22.47,98.8,22.51,19.94,26.51,3/15/2019 13:29,100,3/15/2019 0:33,27.12,3/15/2019 13:29,6.321,3/15/2019 14:26,19.56,3/15/2019 2:55,62.83,3/15/2019 11:26,19.17,3/15/2019 2:38,0,3/15/2019 0:00,0.084,3.608109,4.799,207.3312,773.8,2.381,2.603,0.139,18.75,1.085,182.9,80.3,1.035,0.103,0.283,0.264,0.146,0.045,0.174,0.064,0.007,12.6,
3/16/2019 0:00,96,0.1,22.74,96.3,22.78,18.89,26.64,3/16/2019 13:48,99.9,3/16/2019 1:21,27.33,3/16/2019 13:48,5.41,3/16/2019 11:31,19.24,3/16/2019 23:50,63.69,3/16/2019 12:47,18.99,3/16/2019 23:50,0,3/16/2019 0:00,0.11,4.749901,0.883,38.13317,773.9,2.203,2.385,0.156,4.01,1.082,142.5,87.7,1.034,0.187,0.406,0.177,0.035,0.082,0.151,0.024,0.019,12.6,
3/17/2019 0:00,97,0.3,22.54,98.9,22.56,20.37,26.98,3/17/2019 13:04,100,3/17/2019 4:59,27.67,3/17/2019 13:04,7.154,3/17/2019 12:20,18.2,3/17/2019 4:58,58.8,3/17/2019 13:46,17.87,3/17/2019 4:51,0,3/17/2019 0:06,0.09,3.892348,4.483,193.6802,773.1,2.994,3.283,0.146,14.97,1.216,168.2,62.97,1.252,0.004,0.059,0.45,0.48,0.076,0.077,0.064,0.004,12.61,
3/18/2019 0:00,98,3,23.08,95.2,23.17,18.35,26.22,3/18/2019 12:43,99.3,3/18/2019 0:22,26.81,3/18/2019 12:25,9.44,3/18/2019 10:51,18.87,3/18/2019 22:38,61.79,3/18/2019 16:24,18.77,3/19/2019 0:00,0,3/18/2019 0:00,0.077,3.31795,0.341,14.7291,773.2,2.143,2.321,0.115,0.759,1.81,166.7,59.57,1.523,0.001,0.036,0.482,1.021,0.13,0.064,0.075,0.003,12.59,
3/19/2019 0:00,99,0.1,22.76,91.9,22.76,20.37,27.3,3/19/2019 15:37,98.6,3/19/2019 23:16,27.73,3/19/2019 15:36,6.782,3/19/2019 14:58,19.45,3/19/2019 22:28,53.19,3/19/2019 15:38,19.37,3/19/2019 22:23,0,3/19/2019 14:57,0.056,0.9195201,1.108,18.03718,772.8,2.612,2.786,0.098,2.741,1.274,169.1,55.28,1.248,0.001,0.05,0.54,0.482,0.028,0.159,0.013,0,12.6,
3/20/2019 0:00,100,0,23.35,89.1,23.44,22.92,26.16,3/20/2019 16:03,99.2,3/20/2019 4:13,26.61,3/20/2019 10:39,7.321,3/20/2019 12:34,21.37,3/20/2019 3:16,75.32,3/20/2019 9:49,21.4,3/20/2019 5:50,0,3/20/2019 0:11,0.058,2.494407,5.422,234.2109,772.7,1.369,1.504,0.083,44.46,1.304,139.9,40.86,1.241,0.012,0.045,0.463,0.679,0.075,0.014,0.013,0.004,12.63,
3/21/2019 0:00,101,0.1,23.83,98.6,23.95,19.92,28.29,3/21/2019 14:39,99.9,3/21/2019 3:39,29.05,3/21/2019 11:44,7.311,3/21/2019 13:40,20.16,3/21/2019 22:41,38.85,3/21/2019 15:11,20.06,3/21/2019 22:41,0,3/21/2019 0:40,0.103,4.43496,1.727,74.58961,772.3,2.809,3.041,0.147,8.31,1.379,182.6,70.64,1.205,0.003,0.036,0.435,0.602,0.075,0.084,0.132,0.012,12.6,
3/22/2019 0:00,102,0.2,23.46,98.6,23.57,19.97,27.26,3/22/2019 9:48,100,3/22/2019 0:50,28.18,3/22/2019 9:47,7.438,3/22/2019 11:25,20.27,3/22/2019 23:41,67.88,3/22/2019 16:16,20.3,3/22/2019 23:53,0,3/22/2019 0:00,0.057,2.479242,0.527,22.78196,773.4,1.834,2.011,0.099,1.932,1.284,172.5,56.79,1.129,0.002,0.018,0.274,0.715,0.092,0.128,0.051,0.005,12.61,
3/23/2019 0:00,103,0,22.9,99,22.98,19.89,27.4,3/23/2019 14:32,100,3/23/2019 4:04,28.04,3/23/2019 14:32,6.027,3/23/2019 13:46,19.92,3/23/2019 6:00,60.07,3/23/2019 14:05,19.71,3/23/2019 5:19,0,3/23/2019 0:03,0.088,3.820349,8.7,375.9883,774.1,2.526,2.71,0.131,24.79,1.111,182.6,72.89,1.158,0.023,0.117,0.404,0.334,0.036,0.108,0.081,0.008,12.61,
3/24/2019 0:00,104,0.6,23.45,98.3,23.64,21.4,27.48,3/24/2019 12:55,100,3/24/2019 1:56,27.99,3/24/2019 12:49,7.752,3/24/2019 9:32,20.03,3/24/2019 0:53,62.29,3/24/2019 12:22,19.99,3/24/2019 1:16,0,3/24/2019 0:00,0.107,4.624357,6.843,295.6266,773.9,2.314,2.49,0.166,22.99,1.549,153.2,53.95,1.535,0.003,0.106,0.587,0.672,0.056,0.076,0.049,0,12.61,
3/25/2019 0:00,105,0.3,24.15,85.5,24.29,22.7,26.78,3/25/2019 14:26,98.3,3/25/2019 0:00,27.45,3/25/2019 11:43,8.31,3/25/2019 13:52,21.71,3/25/2019 1:08,58.35,3/25/2019 13:52,21.69,3/25/2019 1:07,0,3/25/2019 0:35,0.104,4.495622,0.493,21.30517,772.4,1.413,1.601,0.155,1.734,2.044,146,33.14,1.482,0.001,0.056,0.654,1.198,0.112,0.014,0.007,0.001,12.62,
3/26/2019 0:00,106,0.5,24.65,95.1,24.84,21.84,28.3,3/26/2019 12:37,95.1,3/27/2019 0:00,28.85,3/26/2019 14:15,6.909,3/26/2019 12:42,21.41,3/26/2019 23:59,60.79,3/26/2019 14:17,21.38,3/26/2019 2:03,0,3/26/2019 0:05,0.121,5.217207,0.341,14.7235,772,1.899,2.121,0.168,1.85,1.35,180.1,61.17,1.065,0.007,0.024,0.175,0.704,0.208,0.118,0.101,0.014,12.61,
3/27/2019 0:00,107,0,23.77,97.4,23.84,19.86,28.4,3/27/2019 12:43,100,3/27/2019 2:20,29.01,3/27/2019 12:43,7.046,3/27/2019 15:45,20.12,3/27/2019 2:13,62.37,3/27/2019 15:45,20.05,3/27/2019 23:17,0,3/27/2019 0:05,0.102,4.406495,1.008,43.53159,772.3,2.677,2.888,0.149,4.704,0.952,232.8,66.03,0.952,0.005,0.015,0.106,0.363,0.104,0.128,0.218,0.013,12.6,
3/28/2019 0:00,108,0,23.62,93.1,23.72,21.92,28.1,3/28/2019 16:23,100,3/28/2019 1:39,28.55,3/28/2019 12:52,6.301,3/28/2019 9:31,19.36,3/28/2019 3:52,63.27,3/28/2019 15:18,19.2,3/28/2019 3:57,0,3/28/2019 0:00,0.11,4.74542,2.092,90.3569,772.1,2.764,3.011,0.157,7.671,1.002,224.2,60.87,0.976,0.006,0.013,0.088,0.348,0.144,0.21,0.176,0.016,12.61,
3/29/2019 0:00,109,0,23.9,93.3,23.99,20.96,28.95,3/29/2019 11:15,98.8,3/29/2019 3:41,29.7,3/29/2019 11:14,6.723,3/29/2019 11:24,20.25,3/29/2019 3:35,59.96,3/29/2019 11:13,20.14,3/29/2019 2:25,0,3/29/2019 0:01,0.096,4.127934,0.11,4.765872,772.5,2.661,2.915,0.144,0.475,0.913,231.3,57.13,0.914,0.005,0.012,0.08,0.259,0.118,0.21,0.215,0.015,12.6,
3/30/2019 0:00,110,1.4,24.09,94.2,24.22,22.45,29.18,3/30/2019 14:16,99.7,3/30/2019 6:42,29.78,3/30/2019 14:16,5.713,3/30/2019 15:10,19.7,3/30/2019 6:39,54.71,3/30/2019 16:04,19.75,3/30/2019 6:28,0,3/30/2019 0:00,0.101,4.358511,1.774,76.6248,772.2,2.745,2.962,0.142,7.252,0.726,210.1,58.14,0.787,0.008,0.02,0.097,0.236,0.113,0.156,0.088,0.008,12.61,
3/31/2019 0:00,111,2,23.79,99,23.94,20.56,28.16,3/31/2019 11:38,99.4,3/31/2019 6:13,28.85,3/31/2019 11:52,5.272,3/31/2019 12:17,20.34,3/31/2019 6:07,65.85,3/31/2019 11:24,20.35,3/31/2019 6:06,0,3/31/2019 0:07,0.075,3.259237,2.21,95.47974,773,2.338,2.519,0.128,9.06,0.867,196.1,63.24,0.859,0.001,0.041,0.232,0.307,0.041,0.146,0.097,0.002,12.61,Reparado Pluviometro
4/1/2019 0:00,112,3.3,23.47,99.4,23.5,21.67,27.43,4/1/2019 12:46,100,4/1/2019 1:47,28.01,4/1/2019 12:49,5.762,4/1/2019 13:00,20.28,4/1/2019 6:36,71.57,4/1/2019 12:47,20.05,4/1/2019 6:36,0,4/1/2019 0:00,0.075,3.224763,6.805,293.97,773.6,2.335,2.55,0.127,20.52,0.864,166.1,83.4,1.004,0.142,0.344,0.133,0.036,0.04,0.117,0.04,0.011,12.59,
4/2/2019 0:00,113,1.1,23.89,95.6,24.03,21.56,27.54,4/2/2019 14:36,100,4/2/2019 4:14,28.04,4/2/2019 14:36,7.85,4/2/2019 12:40,21.07,4/2/2019 6:45,54.68,4/2/2019 12:14,21.06,4/2/2019 3:52,0,4/2/2019 0:00,0.112,4.821321,8.42,363.9139,774.9,2.078,2.275,0.154,30.32,1.463,152.7,50.4,1.474,0.006,0.076,0.551,0.671,0.046,0.089,0.023,0.001,12.59,
4/3/2019 0:00,114,0.8,23.37,91.8,23.42,21.48,27.24,4/3/2019 11:36,99.8,4/3/2019 6:26,27.77,4/3/2019 11:56,6.948,4/3/2019 12:40,20.32,4/3/2019 6:25,63.65,4/3/2019 15:25,20.18,4/3/2019 6:24,0,4/3/2019 0:02,0.084,3.640081,2.41,104.1329,775.3,2.171,2.376,0.128,9.69,1.067,150.5,62.02,1.17,0.006,0.192,0.484,0.237,0.032,0.088,0.027,0,12.59,
4/4/2019 0:00,115,1.6,23.73,96.1,23.81,21.02,27.24,4/4/2019 14:13,98.2,4/4/2019 5:25,27.77,4/4/2019 14:13,8.92,4/4/2019 10:37,20.61,4/4/2019 5:24,56.52,4/4/2019 14:06,20.6,4/4/2019 5:02,0,4/4/2019 0:01,0.089,3.858773,3.183,137.5192,774.9,1.898,2.103,0.139,9.06,1.404,126.5,61.16,1.333,0.05,0.27,0.673,0.257,0.033,0.084,0.032,0.004,12.6,
4/5/2019 0:00,116,0.9,23.65,95.3,23.78,21.59,27.34,4/5/2019 12:45,99.5,4/5/2019 5:13,28.1,4/5/2019 12:44,7.105,4/5/2019 11:05,19.66,4/5/2019 6:04,63.24,4/5/2019 11:06,19.67,4/5/2019 6:00,0,4/5/2019 0:07,0.087,3.752455,0.857,37.01863,774.4,2.277,2.48,0.139,2.874,1.503,137.9,50.85,1.351,0.008,0.199,0.717,0.46,0.05,0.057,0.012,0,12.6,
4/6/2019 0:00,117,39.7,23.74,90.2,23.82,20.91,26.64,4/6/2019 12:47,97.7,4/6/2019 3:49,27.22,4/6/2019 12:47,8.53,4/6/2019 13:18,21.23,4/6/2019 23:24,61.5,4/6/2019 12:40,20.9,4/6/2019 23:23,0,4/6/2019 0:03,0.084,3.644848,0.108,4.64993,774.5,1.764,2.038,0.123,0.499,1.593,139.6,32.53,1.51,0.005,0.089,0.623,0.802,0.062,0.007,0.002,0.002,12.59,
4/7/2019 0:00,118,0.1,22.98,98,23.06,20.15,27.57,4/7/2019 13:23,99.4,4/7/2019 6:30,28.01,4/7/2019 13:23,7.262,4/7/2019 14:32,19.16,4/7/2019 5:23,54.57,4/7/2019 13:28,18.96,4/7/2019 5:00,0,4/7/2019 0:07,0.099,4.26365,1.284,55.47973,773.9,2.703,2.979,0.149,3.809,1.304,153.5,49.64,1.457,0.004,0.124,0.533,0.498,0.055,0.072,0.019,0,12.59,
4/8/2019 0:00,119,6.6,22.94,99.2,23.09,19.89,27.57,4/8/2019 12:59,99.7,4/8/2019 23:53,27.95,4/8/2019 12:57,8.31,4/8/2019 12:31,19.35,4/8/2019 2:30,54.72,4/8/2019 12:41,19.29,4/8/2019 2:51,0,4/8/2019 0:03,0.099,4.289382,2.027,87.5474,773.7,2.699,2.912,0.143,5.412,1.359,174.2,65.03,1.317,0.005,0.13,0.488,0.481,0.041,0.169,0.045,0.001,12.58,
4/9/2019 0:00,120,14.4,23.26,90.7,23.39,22.08,27.87,4/9/2019 13:32,100,4/9/2019 2:34,28.47,4/9/2019 13:32,7.732,4/9/2019 12:54,18.98,4/9/2019 4:22,49.92,4/9/2019 12:56,18.82,4/9/2019 4:24,0,4/9/2019 0:00,0.104,4.481732,8.46,365.3255,772.3,2.772,2.986,0.162,32.72,1.74,155.2,54.01,1.68,0.001,0.067,0.692,0.833,0.051,0.064,0.03,0.003,12.6,
4/10/2019 0:00,121,9.1,23.67,89.2,23.79,22.06,25.91,4/10/2019 9:41,96.3,4/10/2019 3:35,26.43,4/10/2019 9:33,8.95,4/10/2019 14:40,21.83,4/10/2019 3:20,73.45,4/10/2019 10:27,21.92,4/10/2019 21:04,0,4/10/2019 0:01,0.056,2.424697,1.98,85.55067,771.5,1.067,1.194,0.092,5.701,1.989,150.6,40.4,1.483,0.003,0.028,0.524,1.25,0.14,0.024,0.016,0.005,12.61,
4/11/2019 0:00,122,3.1,24.41,97.8,24.6,22.59,28.42,4/11/2019 14:18,99.3,4/11/2019 22:27,29.07,4/11/2019 14:40,8.3,4/11/2019 9:14,22.11,4/11/2019 21:48,62.26,4/11/2019 13:54,22.08,4/11/2019 6:04,0,4/11/2019 0:03,0.099,4.263968,10.05,434.2961,772.3,1.998,2.193,0.14,32.13,1.313,151.2,53.2,1.141,0.01,0.046,0.321,0.701,0.117,0.065,0.044,0.009,12.6,
4/12/2019 0:00,123,0.2,24.56,94.9,24.69,22.19,27.47,4/12/2019 15:46,99.5,4/12/2019 5:25,28.07,4/12/2019 15:45,8.07,4/12/2019 10:57,21.89,4/12/2019 23:59,68.89,4/12/2019 13:07,21.82,4/12/2019 23:58,0,4/12/2019 0:05,0.116,5.018424,11.59,500.6063,773.5,1.75,1.985,0.167,44.95,1.841,136.8,26.21,1.557,0.001,0.062,0.718,0.99,0.062,0.006,0.002,0,12.6,
4/13/2019 0:00,124,21,24.33,82,24.37,23.64,27.52,4/13/2019 14:01,97.2,4/13/2019 3:10,28.09,4/13/2019 13:59,7.448,4/13/2019 12:43,21.46,4/13/2019 2:58,61.38,4/13/2019 15:05,21.14,4/13/2019 2:55,0,4/13/2019 0:00,0.098,4.242587,1.137,49.13895,773.4,1.6,1.937,0.15,3.886,1.811,137.7,29.48,1.396,0.003,0.122,0.649,0.969,0.063,0.005,0.001,0,12.61,
4/14/2019 0:00,125,28.9,23.66,97.1,23.79,19.6,27.09,4/14/2019 14:05,97.9,4/14/2019 22:48,27.53,4/14/2019 14:05,10.23,4/14/2019 10:18,20.1,4/14/2019 23:26,55.47,4/14/2019 14:02,19.89,4/14/2019 23:01,0,4/14/2019 3:06,0.104,4.48421,0.761,32.8762,773.5,1.907,2.093,0.156,2.088,1.67,144.1,35.88,1.355,0.003,0.059,0.589,0.92,0.07,0.026,0.003,0,12.58,
4/15/2019 0:00,126,4.4,23.58,94.1,23.68,22.7,27.69,4/15/2019 12:15,99.3,4/15/2019 3:00,28.32,4/15/2019 12:15,7.742,4/15/2019 13:16,18.71,4/15/2019 5:32,55.58,4/15/2019 12:40,18.52,4/15/2019 6:02,0,4/15/2019 0:00,0.11,4.763454,2.785,120.3312,773.7,2.814,3.109,0.163,13.26,1.506,145.7,43.36,1.424,0.004,0.093,0.631,0.67,0.055,0.047,0.006,0,12.61,
4/16/2019 0:00,127,0,24.43,92.9,24.57,22.61,27.77,4/16/2019 13:33,97.7,4/16/2019 1:28,28.34,4/16/2019 13:33,7.595,4/16/2019 13:02,21.72,4/16/2019 1:30,51.52,4/16/2019 12:25,21.78,4/16/2019 6:34,0,4/16/2019 0:01,0.12,5.183409,0.578,24.95773,773,1.794,2.071,0.167,2.114,1.532,136.1,30.2,1.286,0.002,0.112,0.61,0.753,0.049,0.005,0.001,0.001,12.6,
4/17/2019 0:00,128,0,24.07,89.7,24.17,22.84,27.34,4/17/2019 14:05,99.5,4/17/2019 6:24,27.67,4/17/2019 14:05,6.958,4/17/2019 9:23,20.48,4/17/2019 5:59,68.18,4/17/2019 16:53,20.37,4/17/2019 5:57,0,4/17/2019 0:39,0.088,3.808999,2.95,127.4581,772.9,1.799,1.961,0.136,13.19,1.319,131,37.06,1.152,0.005,0.157,0.595,0.513,0.03,0.012,0.007,0,12.6,
4/18/2019 0:00,129,2.5,24.25,84.5,24.4,23.04,27.81,4/18/2019 11:59,99.6,4/18/2019 6:13,28.42,4/18/2019 11:59,7.272,4/18/2019 13:09,19.92,4/18/2019 5:31,53.68,4/18/2019 12:27,19.8,4/18/2019 5:50,0,4/18/2019 0:00,0.115,4.973073,1.938,83.72392,773.3,2.299,2.522,0.166,9.62,1.505,126.3,35.22,1.384,0.011,0.178,0.707,0.555,0.04,0.01,0.003,0.001,12.6,
4/19/2019 0:00,130,5.3,24.65,80.4,24.75,23.35,27.68,4/19/2019 13:35,92.6,4/19/2019 6:26,28.18,4/19/2019 13:34,8.37,4/19/2019 12:36,20.72,4/19/2019 6:27,55.69,4/19/2019 12:25,20.42,4/19/2019 6:26,0,4/19/2019 0:06,0.113,4.86032,4.165,179.9473,773.5,1.653,1.916,0.162,12.65,2.059,135.2,29.25,1.462,0.004,0.105,0.883,0.993,0.068,0.005,0.001,0,12.6,
4/20/2019 0:00,131,7.7,24.5,95,24.58,21.97,27.93,4/20/2019 12:22,96.5,4/20/2019 22:31,28.61,4/20/2019 12:21,7.928,4/20/2019 10:02,21.69,4/20/2019 2:14,51.86,4/20/2019 11:10,20.99,4/20/2019 2:15,0,4/20/2019 2:10,0.121,5.232732,236.2,10205.34,773.8,1.789,2.114,0.169,428.4,2.019,138.7,34.36,1.536,0.006,0.113,0.813,0.995,0.071,0.017,0.002,0.001,12.6,
4/21/2019 0:00,132,20,23.71,96.8,23.83,21.48,27.28,4/21/2019 14:58,99.3,4/21/2019 5:33,27.79,4/21/2019 11:11,7.732,4/21/2019 12:19,20.74,4/21/2019 4:57,63.52,4/21/2019 14:53,20.77,4/21/2019 5:01,0,4/21/2019 0:01,0.091,3.950203,10.22,441.6552,773.6,2.13,2.332,0.142,39.09,1.475,145.9,56.63,1.445,0.015,0.137,0.585,0.584,0.056,0.051,0.043,0.005,12.59,
4/22/2019 0:00,133,66.6,22.95,95.7,23.04,18.95,26.83,4/22/2019 13:18,99.9,4/22/2019 4:38,27.18,4/22/2019 13:17,6.419,4/22/2019 12:06,19.33,4/22/2019 23:50,57.12,4/22/2019 15:41,19.05,4/22/2019 23:48,0,4/22/2019 0:10,0.074,3.216096,103.5,4470.705,772.3,2.224,2.398,0.116,209.4,1.233,180.1,72.67,1.07,0.017,0.137,0.441,0.299,0.069,0.176,0.091,0.003,12.58,
4/23/2019 0:00,134,48,22.99,96.4,23.13,19.92,27.5,4/23/2019 13:28,99.3,4/23/2019 4:16,27.97,4/23/2019 13:28,6.419,4/23/2019 11:02,19.11,4/23/2019 2:01,58.23,4/23/2019 14:41,18.78,4/23/2019 2:01,0,4/23/2019 0:09,0.119,5.140251,58.18,2513.432,772.1,2.668,2.898,0.169,158.1,1.334,178.2,73.17,1.079,0.053,0.226,0.361,0.301,0.103,0.23,0.057,0.003,12.59,
4/24/2019 0:00,135,22.4,22.89,96.4,22.94,19.81,27.42,4/24/2019 10:45,98.1,4/24/2019 6:18,28.11,4/24/2019 10:44,6.164,4/24/2019 10:48,19.05,4/24/2019 2:49,62.25,4/24/2019 10:45,18.81,4/24/2019 2:48,0,4/24/2019 0:04,0.088,3.781395,10.9,471.0224,772.5,2.78,3.064,0.136,24.64,1.051,181.9,64.16,0.901,0.036,0.133,0.289,0.253,0.13,0.184,0.023,0.003,12.58,
4/25/2019 0:00,136,21.5,23.36,96.9,23.37,21.37,28.32,4/25/2019 13:16,99,4/25/2019 6:36,28.99,4/25/2019 13:16,6.566,4/25/2019 14:41,19.04,4/25/2019 5:08,54.75,4/25/2019 13:16,18.53,4/25/2019 5:04,0,4/25/2019 0:04,0.109,4.721831,2.378,102.7473,774.2,2.764,3.101,0.167,8.95,1.038,139.9,62,1.122,0.077,0.261,0.358,0.19,0.078,0.055,0.014,0.006,12.59,
4/26/2019 0:00,137,32,24.06,90.7,24.19,23.44,27.72,4/26/2019 15:50,99.6,4/26/2019 6:01,28.44,4/26/2019 15:50,7.575,4/26/2019 14:29,20.4,4/26/2019 5:44,69.63,4/26/2019 14:06,20.28,4/26/2019 5:45,0,4/26/2019 0:00,0.113,4.863256,4.323,186.7711,773.5,2.352,2.578,0.163,13.94,1.358,152.7,51.72,1.374,0.003,0.11,0.526,0.583,0.045,0.06,0.03,0.001,12.6,
4/27/2019 0:00,138,19.9,24.75,90.5,24.91,24.28,27.79,4/27/2019 11:45,98.1,4/27/2019 6:23,28.52,4/27/2019 14:05,6.791,4/27/2019 12:37,21.73,4/27/2019 4:39,69.96,4/27/2019 11:46,21.73,4/27/2019 5:59,0,4/27/2019 0:00,0.086,3.714019,2.693,116.3509,772.8,1.815,2.017,0.14,15.2,1.479,148.2,41.26,1.355,0.001,0.034,0.481,0.854,0.069,0.011,0.027,0.001,12.61,
4/28/2019 0:00,139,64.2,24.49,98.4,24.65,22.47,27.25,4/28/2019 11:47,99.6,4/28/2019 18:28,27.71,4/28/2019 11:47,8.49,4/28/2019 22:35,22.66,4/28/2019 22:50,79.75,4/28/2019 13:01,22.73,4/28/2019 22:49,0,4/28/2019 0:01,0.036,1.568055,5.783,249.846,773.2,1.243,1.283,0.072,12.8,1.466,122.4,52.88,1.074,0.089,0.231,0.467,0.576,0.057,0.019,0.016,0.011,12.6,
4/29/2019 0:00,140,50,24.38,97,24.45,20.5,27.09,4/29/2019 13:23,98.5,4/29/2019 0:13,27.75,4/29/2019 13:22,7.82,4/29/2019 9:57,20.74,4/29/2019 23:41,69.9,4/29/2019 14:11,20.63,4/29/2019 23:35,0,4/29/2019 0:08,0.073,3.133056,208.4,9003.364,774.2,1.492,1.68,0.126,360.1,1.734,136.2,29.87,1.375,0.005,0.089,0.698,0.872,0.062,0.006,0.002,0,12.59,
4/30/2019 0:00,141,39.4,24.36,80.7,24.31,23.78,26.93,4/30/2019 12:00,97.7,4/30/2019 0:03,27.34,4/30/2019 12:00,9.23,4/30/2019 12:29,20.78,4/30/2019 0:01,66.29,4/30/2019 12:03,20.49,4/30/2019 2:19,0,4/30/2019 0:00,0.075,3.260031,214.2,9251.864,774.4,1.603,1.977,0.116,326.3,1.719,138.7,25.62,1.238,0.001,0.079,0.634,0.957,0.046,0.001,0,0,12.61,
5/1/2019 0:00,142,15,24.78,95.2,24.93,23.15,27.35,5/1/2019 11:21,98.5,5/1/2019 21:52,27.84,5/1/2019 11:20,6.86,5/1/2019 12:15,22.97,5/1/2019 3:18,71.55,5/1/2019 9:43,22.93,5/1/2019 4:01,0,5/1/2019 0:45,0.065,2.80411,184.9,7988.295,774.5,1.213,1.312,0.096,271.6,1.549,124.9,33.15,1.071,0.012,0.239,0.776,0.484,0.034,0.002,0.001,0.001,12.6,
5/2/2019 0:00,143,12.6,24.54,85.9,24.64,22.84,27.17,5/2/2019 15:11,99.5,5/2/2019 4:18,27.92,5/2/2019 15:08,8.38,5/2/2019 7:53,22.37,5/2/2019 3:51,67.7,5/2/2019 14:07,22.41,5/2/2019 3:21,0,5/2/2019 0:02,0.077,3.307858,221,9549.24,773.7,1.267,1.437,0.115,332.4,1.89,140.8,28.64,1.299,0.001,0.053,0.669,1.088,0.064,0.007,0.008,0,12.6,
5/3/2019 0:00,144,30,23.98,97.9,23.97,21.67,26.9,5/3/2019 11:21,98.6,5/3/2019 6:35,27.37,5/3/2019 11:47,7.291,5/3/2019 11:47,20.71,5/3/2019 5:59,70.55,5/3/2019 8:53,20.47,5/3/2019 5:59,0,5/3/2019 1:09,0.076,3.300345,216.2,9341.05,773.8,1.727,1.969,0.112,315.2,1.588,133.2,29.77,1.3,0.006,0.17,0.718,0.662,0.026,0.004,0.001,0,12.6,
5/4/2019 0:00,145,13.5,24.11,82.9,24.27,23.61,27.38,5/4/2019 11:56,100,5/4/2019 6:39,27.98,5/4/2019 12:04,6.997,5/4/2019 11:22,20.62,5/4/2019 4:11,65.25,5/4/2019 15:59,20.62,5/4/2019 4:14,0,5/4/2019 0:01,0.095,4.120697,271.2,11714.24,772.8,2.114,2.283,0.136,386.2,1.546,146,40.7,1.286,0.002,0.067,0.541,0.817,0.065,0.035,0.017,0,12.6,
5/5/2019 0:00,146,7,24.86,87.7,25.01,23.27,26.91,5/5/2019 10:47,94.6,5/5/2019 20:04,27.58,5/5/2019 10:48,8.02,5/5/2019 13:17,23.15,5/5/2019 2:41,70.65,5/5/2019 9:43,23.18,5/5/2019 2:41,0,5/5/2019 0:26,0.076,3.267375,216.8,9365.291,772.7,0.995,1.137,0.112,319.5,2.203,137.8,25.82,1.346,0.001,0.059,0.82,1.243,0.076,0.003,0,0,12.6,
5/6/2019 0:00,147,17.4,24.88,85,25.04,23.96,27.31,5/6/2019 13:48,95.8,5/6/2019 5:19,27.68,5/6/2019 13:48,8.76,5/6/2019 13:34,22.64,5/6/2019 4:18,73.08,5/6/2019 13:40,22.71,5/6/2019 4:18,0,5/6/2019 0:28,0.088,3.795963,255.3,11031.03,773.1,1.212,1.333,0.135,388.6,2.355,137.3,28.43,1.486,0.001,0.082,0.998,1.183,0.081,0.006,0.002,0.001,12.61,
5/7/2019 0:00,148,33.9,24.45,97.8,24.62,21.1,27.34,5/7/2019 14:03,97.8,5/8/2019 0:00,27.82,5/7/2019 13:55,7.86,5/7/2019 12:27,21.49,5/7/2019 22:25,69.44,5/7/2019 11:24,21.29,5/7/2019 22:03,0,5/7/2019 0:08,0.116,4.991143,333.1,14391.87,772.6,1.765,1.969,0.164,470.7,1.922,140.7,38.3,1.613,0.002,0.078,0.819,0.94,0.049,0.011,0.021,0.002,12.59,
5/8/2019 0:00,149,,,,,,,,,,,,,,,,,,,,,,,,,,,,,,,,,,,,,,,,,,,,Datos perdido por restauracion de programa
5/9/2019 0:00,0,32.4,24.81,99.5,24.99,22.11,27.29,5/9/2019 14:48,99.6,5/9/2019 23:59,27.77,5/9/2019 11:49,6.272,5/9/2019 12:15,22.19,5/9/2019 23:54,70.85,5/9/2019 14:51,22.22,5/9/2019 23:58,0,5/9/2019 11:29,0.106,2.377747,303,6821.887,771.8,1.484,1.623,0.148,421.3,1.395,122.5,59.12,1.249,0.014,0.328,0.605,0.33,0.022,0.046,0.044,0.006,12.6,Restauracion de programa
5/10/2019 0:00,1,0.2,24.62,98.3,24.75,23.38,28.1,5/10/2019 11:04,100,5/10/2019 0:46,28.56,5/10/2019 11:03,7.526,5/10/2019 11:23,21.46,5/10/2019 3:04,68.63,5/10/2019 11:59,21.35,5/10/2019 3:06,0,5/10/2019 0:06,0.067,2.902458,132.8,5736.272,771.9,1.99,2.111,0.112,193.7,0.998,146.2,59.21,1.093,0.009,0.109,0.382,0.36,0.028,0.053,0.055,0.003,12.6,
5/11/2019 0:00,2,0,25.11,91.1,25.24,24.63,27.84,5/11/2019 12:34,100,5/11/2019 2:44,28.28,5/11/2019 12:33,7.85,5/11/2019 11:10,22.72,5/11/2019 2:21,75.31,5/11/2019 12:47,22.85,5/11/2019 2:20,0,5/11/2019 0:03,0.069,2.997156,56.76,2452.237,772.8,1.338,1.429,0.122,100.5,1.584,140.9,36.33,1.341,0.001,0.053,0.648,0.798,0.045,0.021,0.016,0.001,12.61,
5/12/2019 0:00,3,85.1,25.41,92,25.59,24.98,28.43,5/12/2019 14:43,100,5/12/2019 5:49,29.07,5/12/2019 14:37,7.84,5/12/2019 14:17,22,5/12/2019 4:49,77.49,5/12/2019 14:42,22.11,5/12/2019 4:50,0,5/12/2019 0:00,0.072,3.088817,154.1,6657.378,773.4,1.388,1.5,0.118,265.8,1.859,140.7,34.25,1.353,0.001,0.041,0.544,1.163,0.08,0.011,0.019,0.002,12.61,
5/13/2019 0:00,4,0,25.72,92.2,25.89,23.99,27.59,5/13/2019 10:15,93.3,5/13/2019 5:51,27.97,5/13/2019 10:15,7.801,5/13/2019 14:44,24.19,5/13/2019 23:59,77.83,5/13/2019 9:32,24.25,5/13/2019 23:56,0,5/13/2019 0:02,0.042,1.817998,98.7,4265.261,773.7,0.791,0.86,0.059,120.5,1.846,145.1,31.74,1.079,0.002,0.034,0.555,1.126,0.108,0.014,0.006,0,12.61,
5/14/2019 0:00,5,0.4,26.2,91.5,26.41,24.54,29.67,5/14/2019 12:17,94.5,5/14/2019 0:43,30.26,5/14/2019 14:19,7.82,5/14/2019 15:53,23.67,5/14/2019 0:41,63.1,5/14/2019 12:21,23.51,5/14/2019 3:53,0,5/14/2019 0:00,0.126,5.440275,114,4924.699,772.9,1.98,2.224,0.163,248.8,1.276,175.7,60.69,1.057,0.011,0.024,0.189,0.661,0.192,0.115,0.068,0.015,12.6,
5/15/2019 0:00,6,0.6,26.23,95.4,26.44,23.12,29.96,5/15/2019 14:05,96.1,5/15/2019 23:44,30.52,5/15/2019 14:05,6.566,5/15/2019 10:25,23.61,5/15/2019 23:32,64.23,5/15/2019 13:51,23.29,5/15/2019 23:28,0,5/15/2019 0:08,0.132,5.688289,82.4,3559.42,772.7,2.055,2.347,0.166,188,1.252,179.3,58.74,1.106,0.006,0.016,0.169,0.704,0.171,0.092,0.086,0.007,12.59,
5/16/2019 0:00,7,1.4,26.14,97.7,26.4,22.98,30.73,5/16/2019 14:50,99.2,5/16/2019 6:17,31.2,5/16/2019 14:22,5.606,5/16/2019 12:38,22.58,5/16/2019 6:04,61.65,5/16/2019 13:06,22.56,5/16/2019 5:44,0,5/16/2019 0:02,0.131,5.648592,49.21,2125.844,772.9,2.63,2.884,0.168,160.7,1.054,211.9,70.61,0.87,0.009,0.015,0.145,0.4,0.107,0.146,0.217,0.015,12.59,
5/17/2019 0:00,8,26.6,25.63,89.9,25.81,24.45,29.19,5/17/2019 13:18,99,5/17/2019 1:27,29.57,5/17/2019 13:17,6.507,5/17/2019 10:35,22.76,5/17/2019 3:33,63.74,5/17/2019 11:38,22.66,5/17/2019 3:40,0,5/17/2019 0:00,0.129,5.589393,31.04,1340.953,772.3,2.034,2.275,0.17,100,1.471,140.6,42.47,1.397,0.008,0.079,0.671,0.626,0.047,0.013,0.025,0.001,12.6,
5/18/2019 0:00,9,6.8,25.29,97.5,25.38,22.87,28.21,5/18/2019 13:14,99.1,5/18/2019 3:25,28.6,5/18/2019 13:14,7.115,5/18/2019 12:31,22.67,5/18/2019 2:48,66.63,5/18/2019 12:09,22.55,5/18/2019 2:48,0,5/18/2019 0:12,0.088,3.814428,3.845,166.0965,772.6,1.643,1.829,0.139,9.62,1.423,138.1,36.22,1.353,0.001,0.08,0.652,0.619,0.042,0.011,0.017,0,12.6,
5/19/2019 0:00,10,41.4,24.23,99.6,24.34,22.92,28.38,5/19/2019 12:20,100,5/19/2019 3:18,28.73,5/19/2019 12:19,7.615,5/19/2019 11:03,21.8,5/19/2019 3:29,70.56,5/19/2019 11:05,21.82,5/19/2019 3:29,0,5/19/2019 0:01,0.073,3.15945,9.72,419.8737,772.8,1.914,2.054,0.122,15.44,1.187,167.6,63.8,1.472,0.008,0.047,0.518,0.408,0.039,0.097,0.064,0.007,12.6,
5/20/2019 0:00,11,8.2,25.43,89.5,25.55,24.39,28.34,5/20/2019 12:09,100,5/20/2019 0:57,28.79,5/20/2019 11:27,7.664,5/20/2019 12:49,22.95,5/20/2019 5:27,73.67,5/20/2019 11:27,23.02,5/20/2019 5:34,0,5/20/2019 0:11,0.094,4.070035,41.12,1776.313,772.3,1.521,1.659,0.146,82.6,1.598,143.3,41,1.389,0.002,0.069,0.645,0.75,0.079,0.03,0.02,0.001,12.6,
5/21/2019 0:00,12,0,25.89,92.3,26.02,24.3,28.69,5/21/2019 11:49,93.2,5/21/2019 23:52,29.24,5/21/2019 11:49,7.86,5/21/2019 10:05,24.15,5/21/2019 1:55,71.94,5/21/2019 11:51,24.08,5/21/2019 1:55,0,5/21/2019 0:01,0.076,3.262375,15.26,659.1988,772.6,1.248,1.372,0.124,19.48,1.841,150.2,46.3,1.384,0.003,0.049,0.654,0.94,0.13,0.034,0.026,0.005,12.61,
5/22/2019 0:00,13,2.6,25.44,95.4,25.52,23.21,28.41,5/22/2019 11:35,98.9,5/22/2019 6:23,28.87,5/22/2019 11:35,6.292,5/22/2019 13:38,23.43,5/22/2019 6:03,71.46,5/22/2019 11:38,23.36,5/22/2019 23:19,0,5/22/2019 0:01,0.088,3.819713,25.25,1090.764,772.3,1.634,1.817,0.124,26.25,1.176,145.8,46.59,1.289,0.002,0.04,0.487,0.538,0.052,0.017,0.034,0.006,12.6,
5/23/2019 0:00,14,0,25.01,91.6,25.1,23.96,28.13,5/23/2019 12:02,99.3,5/23/2019 6:11,28.68,5/23/2019 12:02,6.85,5/23/2019 12:56,22.7,5/23/2019 5:11,69.93,5/23/2019 13:19,22.72,5/23/2019 5:09,0,5/23/2019 0:00,0.076,3.278141,19.08,824.1602,771.3,1.586,1.717,0.123,25.59,1.114,163.4,54.44,1.172,0.001,0.035,0.333,0.549,0.073,0.069,0.049,0.004,12.6,
5/24/2019 0:00,15,11.5,24.17,94,24.19,23.5,26.89,5/24/2019 14:05,99.5,5/24/2019 4:44,27.28,5/24/2019 12:37,5.89,5/24/2019 11:47,22.77,5/24/2019 3:44,80.1,5/24/2019 14:07,22.72,5/24/2019 2:40,0,5/24/2019 0:00,0.046,1.966427,30.24,1306.499,771.8,0.968,1.054,0.069,45.32,0.801,157.2,48.93,0.956,0.003,0.015,0.179,0.453,0.064,0.041,0.04,0.006,12.6,
5/25/2019 0:00,16,0.1,25.15,98.4,25.24,22.84,28.51,5/25/2019 11:40,99.9,5/25/2019 4:07,28.95,5/25/2019 14:16,6.566,5/25/2019 9:20,21.88,5/25/2019 5:36,64.53,5/25/2019 11:42,21.9,5/25/2019 5:39,0,5/25/2019 0:09,0.103,4.469878,87.4,3776.249,772.4,1.967,2.134,0.159,202.6,1.098,131.9,50.56,1.158,0.013,0.143,0.486,0.364,0.024,0.046,0.021,0.001,12.59,
5/26/2019 0:00,17,0.3,25.3,98.8,25.46,23.64,28.64,5/26/2019 13:13,100,5/26/2019 2:48,29.22,5/26/2019 13:11,6.468,5/26/2019 12:32,21.96,5/26/2019 5:55,65.34,5/26/2019 13:11,21.8,5/26/2019 4:50,0,5/26/2019 0:00,0.109,4.715491,90.8,3922.378,772.1,2.228,2.4,0.149,172.4,1.279,161.3,53.86,1.229,0.001,0.058,0.428,0.604,0.057,0.102,0.03,0,12.6,
5/27/2019 0:00,18,8.2,24.4,100,24.5,22.61,27.2,5/27/2019 10:39,100,5/27/2019 1:42,27.36,5/27/2019 10:38,6.566,5/27/2019 7:36,22.64,5/27/2019 22:53,81.7,5/27/2019 11:21,22.63,5/27/2019 22:58,0,5/27/2019 0:01,0.045,1.932525,81.7,3530.087,771.4,1.223,1.301,0.064,114.1,0.852,190.4,59.76,0.902,0.003,0.027,0.184,0.375,0.057,0.122,0.079,0.003,12.6,
5/28/2019 0:00,19,0,24.42,97.8,24.52,23.5,27.71,5/28/2019 10:10,100,5/28/2019 0:00,28.07,5/28/2019 10:09,7.389,5/28/2019 8:00,22.8,5/28/2019 0:07,82.8,5/28/2019 10:15,22.76,5/28/2019 0:05,0,5/28/2019 0:01,0.053,2.270395,149.3,6447.696,772.4,1.028,1.126,0.078,216.9,0.744,190.1,59.37,0.973,0.002,0.012,0.145,0.378,0.057,0.079,0.066,0.005,12.6,
5/29/2019 0:00,20,28.4,23.98,100,24.1,22.06,27.01,5/29/2019 12:47,100,5/29/2019 2:37,27.43,5/29/2019 12:47,7.36,5/29/2019 12:27,21.62,5/29/2019 21:05,79.12,5/29/2019 12:27,21.75,5/29/2019 20:03,0,5/29/2019 0:00,0.051,2.220212,21.56,931.3595,772.4,1.519,1.604,0.069,43.67,1.126,169.9,61.07,1.056,0.008,0.023,0.276,0.594,0.049,0.093,0.074,0.011,12.59,
5/30/2019 0:00,21,3.5,24.01,100,24.09,23.1,26.98,5/30/2019 13:01,100,5/30/2019 0:00,27.42,5/30/2019 13:00,5.361,5/30/2019 5:00,21.1,5/30/2019 7:06,67.87,5/30/2019 11:05,21.23,5/30/2019 7:09,0,5/30/2019 0:12,0.048,2.059873,33.44,1444.731,772.5,1.495,1.554,0.065,56.93,0.827,192.9,72.52,0.828,0.026,0.048,0.139,0.326,0.073,0.093,0.106,0.016,12.59,
5/31/2019 0:00,22,0,24.79,95.4,24.88,22.67,27.96,5/31/2019 14:06,100,5/31/2019 0:00,28.42,5/31/2019 14:00,8.93,5/31/2019 12:49,22.42,5/31/2019 6:07,70.65,5/31/2019 15:07,22.12,5/31/2019 21:55,0,5/31/2019 0:00,0.099,4.259284,10.1,436.1793,772.7,1.774,1.966,0.145,19.13,1.575,148.7,45.07,1.495,0.002,0.042,0.566,0.827,0.059,0.045,0.034,0,12.6,
6/1/2019 0:00,23,0,24.48,99.2,24.6,21.62,27.96,6/1/2019 11:11,100,6/1/2019 4:47,28.53,6/1/2019 11:11,7.654,6/1/2019 10:15,21.27,6/1/2019 5:55,65.18,6/1/2019 11:03,21.12,6/1/2019 5:55,0,6/1/2019 0:13,0.112,4.825848,90.9,3926.4,772.6,2.233,2.437,0.156,207.1,1.45,141.9,29.08,1.46,0.001,0.069,0.548,0.767,0.05,0.011,0.003,0.001,12.59,
6/2/2019 0:00,24,0,24.37,99.9,24.46,22.53,28.03,6/2/2019 12:44,100,6/2/2019 4:03,28.46,6/2/2019 12:19,8.37,6/2/2019 12:10,21.53,6/2/2019 4:38,70.72,6/2/2019 14:40,21.37,6/2/2019 5:52,0,6/2/2019 0:00,0.082,3.556861,53.93,2329.645,772.6,2.121,2.256,0.132,156.7,1.379,188.4,67.27,1.372,0.001,0.064,0.471,0.544,0.032,0.133,0.133,0.001,12.6,
6/3/2019 0:00,25,0,25.4,98.4,25.56,23.21,30.07,6/3/2019 14:31,100,6/3/2019 0:01,30.67,6/3/2019 14:30,5.635,6/3/2019 10:45,21.1,6/3/2019 5:24,67.7,6/3/2019 14:15,21.08,6/3/2019 5:20,0,6/3/2019 0:00,0.102,4.422397,118,5096.637,773.3,2.674,2.911,0.147,231.9,0.927,213.2,60.49,0.874,0.005,0.015,0.122,0.377,0.094,0.195,0.11,0.009,12.59,
6/4/2019 0:00,26,0,25.66,99.2,25.8,24.16,29.48,6/4/2019 13:15,100,6/4/2019 4:41,30.2,6/4/2019 13:15,5.988,6/4/2019 11:16,21.89,6/4/2019 5:29,75.25,6/4/2019 11:42,21.75,6/4/2019 4:52,0,6/4/2019 0:03,0.082,3.542691,45.82,1979.275,773.5,2.174,2.365,0.132,122.8,1.144,177,64.17,1.067,0.002,0.025,0.339,0.514,0.033,0.085,0.144,0.001,12.6,
6/5/2019 0:00,27,0,25.87,98.8,26,23.44,29.79,6/5/2019 13:44,100,6/5/2019 6:46,30.22,6/5/2019 13:35,6.997,6/5/2019 11:46,23.47,6/5/2019 5:04,69.65,6/5/2019 13:54,23.46,6/5/2019 23:50,0,6/5/2019 0:04,0.084,3.635876,70.75,3056.336,772.3,1.748,1.913,0.14,166,1.106,191.2,67.15,1.011,0.009,0.018,0.188,0.51,0.088,0.114,0.174,0.004,12.6,
6/6/2019 0:00,28,0,26.12,98.4,26.29,23.32,30.61,6/6/2019 13:51,100,6/6/2019 3:39,31.23,6/6/2019 13:51,6.233,6/6/2019 12:20,22.45,6/6/2019 3:17,63.45,6/6/2019 14:21,22.29,6/6/2019 5:13,0,6/6/2019 0:07,0.118,5.086103,34.91,1508.176,771.8,2.727,2.968,0.154,85.6,0.79,214,62.22,0.842,0.005,0.013,0.096,0.301,0.086,0.132,0.148,0.009,12.58,
6/7/2019 0:00,29,0,25.59,94,25.74,23.67,29.68,6/7/2019 12:52,100,6/7/2019 5:28,30.17,6/7/2019 12:52,6.693,6/7/2019 11:59,22.62,6/7/2019 5:49,67.25,6/7/2019 10:20,22.51,6/7/2019 5:49,0,6/7/2019 0:25,0.091,3.947173,91.6,3956.544,772.8,2.205,2.44,0.136,183.7,1.285,197.2,72.34,1.2,0.002,0.021,0.314,0.597,0.044,0.096,0.2,0.011,12.59,
6/8/2019 0:00,30,0,25.44,98.7,25.53,24.04,29.42,6/8/2019 12:49,100,6/8/2019 4:04,29.96,6/8/2019 12:49,6.831,6/8/2019 12:58,22.97,6/8/2019 17:49,75.22,6/8/2019 12:23,23.01,6/8/2019 17:46,0,6/8/2019 0:00,0.079,3.395298,13.62,588.4594,773.3,1.792,1.932,0.137,39.84,1.223,163.6,68.56,1.312,0.012,0.046,0.456,0.469,0.042,0.076,0.117,0.005,12.6,
6/9/2019 0:00,31,0,26.32,91.3,26.37,25.04,28.63,6/9/2019 11:44,98.9,6/9/2019 0:29,29.13,6/9/2019 14:20,7.487,6/9/2019 11:19,24.65,6/9/2019 0:00,70.41,6/9/2019 12:15,24.28,6/9/2019 4:43,0,6/9/2019 0:00,0.083,3.577614,5.21,225.0756,773.8,1.199,1.394,0.12,8.5,1.72,139.2,29.15,1.371,0.001,0.06,0.629,0.96,0.061,0.004,0.003,0,12.6,
6/10/2019 0:00,32,0,26.27,96.7,26.33,23.7,28.3,6/10/2019 13:46,97.6,6/10/2019 4:13,28.6,6/10/2019 12:37,7.889,6/10/2019 11:59,23.94,6/10/2019 23:59,77.57,6/10/2019 15:38,23.8,6/10/2019 23:59,0,6/10/2019 0:01,0.06,2.606961,3.298,142.4868,774,1.125,1.241,0.093,6.146,1.784,142.6,34.3,1.449,0.001,0.044,0.682,0.947,0.084,0.014,0.009,0.002,12.6,
6/11/2019 0:00,33,0,25.61,96.3,25.72,23.12,28.8,6/11/2019 13:50,100,6/11/2019 2:29,29.42,6/11/2019 13:50,6.272,6/11/2019 15:35,22.84,6/11/2019 5:39,70.14,6/11/2019 14:57,22.66,6/11/2019 5:29,0,6/11/2019 0:00,0.115,4.974329,3.169,136.9208,773.8,2.033,2.29,0.149,4.03,1.2,137.1,38.69,1.284,0.004,0.124,0.475,0.532,0.036,0.013,0.016,0,12.59,
6/12/2019 0:00,34,5.3,24.93,95.6,25,23.72,28.16,6/12/2019 12:20,100,6/12/2019 4:30,28.45,6/12/2019 12:20,6.978,6/12/2019 12:46,22.01,6/12/2019 5:47,72.81,6/12/2019 13:02,21.94,6/12/2019 2:12,0,6/12/2019 0:00,0.075,3.232537,7.122,307.6723,773.7,1.887,2.015,0.108,28.42,1.257,144.1,60.03,1.144,0.019,0.204,0.518,0.354,0.032,0.085,0.043,0.001,12.6,
6/13/2019 0:00,35,0,26.14,93.1,26.26,24.6,29.11,6/13/2019 13:45,100,6/13/2019 5:41,29.51,6/13/2019 13:45,7.958,6/13/2019 14:01,22.92,6/13/2019 4:47,65.52,6/13/2019 13:37,22.9,6/13/2019 5:07,0,6/13/2019 0:00,0.113,4.880039,2.698,116.5649,774.5,1.779,1.963,0.158,6.251,1.835,139,33.9,1.591,0.002,0.088,0.731,0.934,0.055,0.009,0.016,0,12.6,
6/14/2019 0:00,36,6.7,25.65,93,25.76,24.45,28.64,6/14/2019 15:38,99.9,6/14/2019 5:36,29.16,6/14/2019 15:18,7.125,6/14/2019 15:13,22.26,6/14/2019 4:00,66.13,6/14/2019 15:07,22.29,6/14/2019 3:55,0,6/14/2019 0:01,0.102,4.399749,7.977,344.6183,773.5,1.868,2.028,0.153,30.99,1.507,143.1,49.33,1.306,0.006,0.13,0.61,0.619,0.047,0.064,0.029,0.002,12.6,
6/15/2019 0:00,37,10.3,25.7,99,25.82,23.5,28.42,6/15/2019 10:42,99.1,6/15/2019 23:59,28.93,6/15/2019 10:43,8.11,6/15/2019 9:19,23.41,6/16/2019 0:00,74.91,6/15/2019 10:45,23.44,6/16/2019 0:00,0,6/15/2019 0:02,0.088,3.805535,1.772,76.53728,773.7,1.453,1.573,0.126,4.455,1.523,129.2,39.38,1.247,0.013,0.233,0.703,0.516,0.029,0.023,0.005,0.001,12.6,
6/16/2019 0:00,38,4.9,25.79,93.6,25.89,24.87,28.69,6/16/2019 11:11,100,6/16/2019 1:44,29.13,6/16/2019 10:19,6.282,6/16/2019 16:20,23.21,6/16/2019 0:39,73.07,6/16/2019 10:22,23.22,6/16/2019 0:40,0,6/16/2019 0:00,0.081,3.500012,6.364,274.9281,774.2,1.657,1.769,0.124,17.95,1.298,136.7,37.83,1.126,0.004,0.115,0.517,0.595,0.031,0.028,0.007,0.001,12.6,
6/17/2019 0:00,39,0.8,26.48,89.7,26.58,26.07,29.29,6/17/2019 14:47,99.4,6/17/2019 5:07,29.65,6/17/2019 14:48,7.585,6/17/2019 13:35,23.94,6/17/2019 5:19,72.26,6/17/2019 14:49,23.88,6/17/2019 6:01,0,6/17/2019 1:38,0.09,3.879239,2.268,97.98856,774.6,1.42,1.577,0.131,5.891,1.644,126.7,28.22,1.262,0.005,0.146,0.84,0.626,0.023,0.003,0.002,0,12.61,
6/18/2019 0:00,40,0.2,26.36,87.4,26.51,25.73,28.95,6/18/2019 14:47,98.1,6/18/2019 6:04,29.38,6/18/2019 14:46,6.635,6/18/2019 11:09,23.38,6/18/2019 6:00,76.71,6/18/2019 13:38,23.39,6/18/2019 5:57,0,6/18/2019 0:06,0.081,3.515429,2.986,128.9964,774.6,1.225,1.321,0.123,11.15,1.55,124,28.71,1.117,0.006,0.206,0.812,0.509,0.015,0.002,0,0,12.61,
6/19/2019 0:00,41,0,27.05,87.5,27.25,26.13,29.67,6/19/2019 13:21,93.6,6/19/2019 6:04,30.03,6/19/2019 13:22,8.39,6/19/2019 13:24,25.41,6/19/2019 6:03,66.67,6/19/2019 12:33,25.45,6/19/2019 5:57,0,6/19/2019 0:21,0.117,5.037185,27.24,1176.561,774.5,1.206,1.322,0.161,115.9,2.041,130.3,26.48,1.318,0.002,0.102,0.959,0.938,0.037,0.003,0.001,0,12.61,
6/20/2019 0:00,42,0,26.89,90.5,27.02,26.1,28.45,6/20/2019 13:30,91.1,6/20/2019 22:03,28.79,6/20/2019 13:29,7.869,6/20/2019 13:00,25.83,6/20/2019 6:23,79.45,6/20/2019 9:05,25.94,6/20/2019 6:20,0,6/20/2019 0:13,0.056,2.432571,6.077,262.5411,775.2,0.752,0.822,0.074,10.49,2.239,137.5,24.85,1.348,0.001,0.045,0.892,1.236,0.061,0.002,0,0,12.61,
6/21/2019 0:00,43,0,26.91,98.7,27.05,23.75,29.91,6/21/2019 13:42,98.8,6/21/2019 23:57,30.17,6/21/2019 14:56,8.11,6/21/2019 14:01,23.95,6/21/2019 23:53,66.25,6/21/2019 14:34,23.86,6/21/2019 23:52,0,6/21/2019 1:07,0.114,4.906318,81.9,3539.212,775.5,1.583,1.75,0.147,232.6,1.626,142.4,31.83,1.416,0.003,0.062,0.546,0.907,0.094,0.013,0.002,0.001,12.59,
6/22/2019 0:00,44,0,26.46,98.2,26.57,23.1,29.58,6/22/2019 14:33,99.5,6/22/2019 2:03,30.05,6/22/2019 14:48,7.673,6/22/2019 13:01,23.11,6/22/2019 23:54,62.52,6/22/2019 14:02,23.01,6/22/2019 23:53,0,6/22/2019 0:02,0.118,5.090207,73.75,3186.094,775.2,2.023,2.249,0.151,181.4,1.401,138.9,42.36,1.458,0.004,0.079,0.604,0.628,0.04,0.026,0.02,0,12.59,
6/23/2019 0:00,45,0,25.65,98.3,25.76,23.32,29.85,6/23/2019 12:37,99.9,6/23/2019 5:44,30.34,6/23/2019 12:37,6.909,6/23/2019 9:51,22,6/23/2019 5:42,66.09,6/23/2019 12:52,21.84,6/23/2019 5:59,0,6/23/2019 0:00,0.111,4.795264,6.416,277.1543,773.2,2.554,2.756,0.154,34.97,1.31,160.6,51.55,1.357,0.003,0.076,0.503,0.572,0.057,0.078,0.02,0.001,12.59,
6/24/2019 0:00,46,0,26.47,96.5,26.59,25.52,28.96,6/24/2019 10:59,99.1,6/24/2019 2:44,29.51,6/24/2019 10:59,6.066,6/24/2019 10:52,23.48,6/24/2019 1:12,75.3,6/24/2019 11:00,23.44,6/24/2019 0:42,0,6/24/2019 0:04,0.067,2.889782,2.881,124.4453,773.1,1.428,1.548,0.099,5.189,1.299,113.4,47.91,1.058,0.052,0.288,0.529,0.365,0.019,0.021,0.021,0.003,12.6,
6/25/2019 0:00,47,4.7,26.8,98.6,26.92,24.28,30.12,6/25/2019 13:37,99.6,6/25/2019 5:14,30.67,6/25/2019 13:27,6.919,6/25/2019 12:58,24.27,6/25/2019 23:59,70.88,6/25/2019 13:50,24.28,6/26/2019 0:00,0,6/25/2019 0:00,0.093,4.015655,9.13,394.3001,773.9,1.709,1.843,0.142,32.08,1.214,140.9,51.24,1.258,0.005,0.059,0.47,0.559,0.049,0.021,0.045,0.005,12.59,
6/26/2019 0:00,48,0.1,26.15,89.2,26.24,24.54,30.19,6/26/2019 14:35,100,6/26/2019 2:31,30.54,6/26/2019 14:34,7.35,6/26/2019 14:03,23.33,6/26/2019 5:17,54.17,6/26/2019 14:09,23.28,6/26/2019 5:18,0,6/26/2019 0:00,0.116,5.012502,38.98,1683.76,773.4,2.217,2.427,0.152,136.3,1.228,146,56.87,1.277,0.006,0.137,0.514,0.448,0.034,0.043,0.044,0.002,12.6,
6/27/2019 0:00,49,1.3,26.4,91.6,26.49,24.69,29.47,6/27/2019 12:48,98.8,6/27/2019 6:18,29.93,6/27/2019 12:48,8.11,6/27/2019 14:01,23.61,6/27/2019 4:43,69.63,6/27/2019 15:26,23.44,6/27/2019 4:41,0,6/27/2019 0:17,0.083,3.591188,1.679,72.54754,773.6,1.51,1.645,0.128,4.769,1.822,138.2,27.65,1.457,0.002,0.074,0.732,0.952,0.055,0.005,0.001,0,12.6,
6/28/2019 0:00,50,0.2,26.83,86.5,26.95,26.37,29.3,6/28/2019 13:14,94.1,6/28/2019 4:21,29.54,6/28/2019 13:21,9.09,6/28/2019 12:06,23.59,6/28/2019 4:13,69.17,6/28/2019 12:05,23.45,6/28/2019 4:08,0,6/28/2019 0:02,0.077,3.309123,2.545,109.9244,774.4,1.318,1.446,0.124,8.25,2.173,135.6,31.69,1.439,0.006,0.109,0.892,1.07,0.08,0.011,0.003,0.001,12.61,
6/29/2019 0:00,51,0,27.26,89.3,27.4,26.28,29.49,6/29/2019 10:28,90.8,6/29/2019 3:54,29.98,6/29/2019 10:23,7.33,6/29/2019 10:10,25.18,6/29/2019 3:54,67.41,6/29/2019 10:30,24.89,6/29/2019 3:54,0,6/29/2019 5:29,0.092,3.972742,1.688,72.94123,774.4,1.162,1.299,0.127,2.313,2.027,123.3,27.61,1.101,0.005,0.255,1.073,0.671,0.021,0.001,0,0,12.6,
6/30/2019 0:00,52,0,26.69,93,26.79,24.22,29.52,6/30/2019 10:45,98.9,6/30/2019 4:23,30.17,6/30/2019 10:45,6.762,6/30/2019 14:48,23.98,6/30/2019 3:55,67.17,6/30/2019 10:45,23.82,6/30/2019 3:51,0,6/30/2019 0:09,0.106,4.560308,1.852,80.01746,774.3,1.765,1.994,0.144,3.888,1.444,134.1,43.31,1.288,0.009,0.178,0.643,0.536,0.032,0.032,0.015,0,12.59,
7/1/2019 0:00,53,0,26.25,96.5,26.37,23.96,30.09,7/1/2019 13:59,99.8,7/1/2019 5:39,30.69,7/1/2019 11:24,5.811,7/1/2019 15:14,22.6,7/1/2019 4:08,65.08,7/1/2019 13:46,22.54,7/1/2019 4:08,0,7/1/2019 0:29,0.118,5.114101,1.666,71.95934,773.7,2.302,2.542,0.159,4.201,1.192,135.9,39.65,1.219,0.004,0.117,0.483,0.524,0.031,0.018,0.013,0.003,12.59,
7/2/2019 0:00,54,0,26.44,97.9,26.57,23.41,30.6,7/2/2019 13:26,99.7,7/2/2019 5:11,31.19,7/2/2019 13:27,6.448,7/2/2019 11:51,23.63,7/2/2019 23:46,61.63,7/2/2019 13:27,23.53,7/2/2019 23:34,0,7/2/2019 0:00,0.106,4.595134,1.206,52.0938,773,2.378,2.597,0.153,2.507,1.301,158.6,53.55,1.372,0.003,0.067,0.467,0.599,0.053,0.064,0.047,0.002,12.59,
7/3/2019 0:00,55,0,25.71,91.5,25.78,23.87,29.54,7/3/2019 14:12,100,7/3/2019 3:29,30.11,7/3/2019 14:12,6.488,7/3/2019 14:23,22.09,7/3/2019 5:41,55.72,7/3/2019 13:55,21.8,7/3/2019 5:41,0,7/3/2019 0:01,0.095,4.096695,13.44,580.7405,772.8,2.347,2.564,0.144,58.12,1.222,145.3,50.86,1.269,0.012,0.138,0.511,0.454,0.03,0.051,0.024,0.001,12.59,
7/4/2019 0:00,56,2,27.01,83.1,27.13,26.37,30,7/4/2019 14:10,94.6,7/4/2019 4:04,30.55,7/4/2019 14:08,7.86,7/4/2019 10:06,23.89,7/4/2019 0:43,61.33,7/4/2019 12:01,23.57,7/4/2019 0:43,0,7/4/2019 0:02,0.105,4.522446,0.5,21.61996,774.4,1.492,1.74,0.153,0.938,2.087,134.4,32.39,1.347,0.005,0.134,0.881,0.981,0.072,0.009,0.003,0.002,12.61,
7/5/2019 0:00,57,13.4,26.41,91.3,26.5,25.95,29.59,7/5/2019 11:48,99.3,7/5/2019 6:25,29.96,7/5/2019 11:48,9.4,7/5/2019 11:17,23.52,7/5/2019 4:46,70.05,7/5/2019 10:43,23.61,7/5/2019 4:46,0,7/5/2019 0:42,0.065,2.826106,1.498,64.73337,775.1,1.2,1.283,0.115,2.76,2.025,125.5,29.07,1.342,0.015,0.189,1.038,0.747,0.034,0.001,0,0,12.61,
7/6/2019 0:00,58,0,26.77,96,26.83,24.13,29.64,7/6/2019 13:26,96,7/6/2019 23:57,30.18,7/6/2019 14:30,6.223,7/6/2019 13:27,24.15,7/6/2019 23:59,61.75,7/6/2019 13:29,23.94,7/6/2019 23:40,0,7/6/2019 0:32,0.099,4.273123,0.205,8.840664,774.6,1.444,1.655,0.141,0.625,1.465,126.5,39.55,1.081,0.049,0.216,0.594,0.561,0.031,0.01,0.003,0.002,12.59,
7/7/2019 0:00,59,1.7,25.62,99.5,25.71,23.38,28.92,7/7/2019 12:49,99.7,7/7/2019 23:49,29.41,7/7/2019 12:49,7.203,7/7/2019 12:40,23.46,7/7/2019 23:48,68.42,7/7/2019 12:36,23.39,7/7/2019 4:22,0,7/7/2019 0:00,0.073,3.165227,0.574,24.80092,773.1,1.73,1.893,0.097,1.486,1.058,151.3,48.18,1.128,0.003,0.08,0.425,0.439,0.037,0.057,0.017,0,12.59,
7/8/2019 0:00,,,,,,,,,,,,,,,,,,,,,,,,,,,,,,,,,,,,,,,,,,,,,
